scraped_date,title,price,availability,area,link
9/14/2024,Residence 219,"$3,520 ",Available Now,Residence 219,beachjc.com/apartments-jersey-city-for-rent/beach/residence-219/
9/14/2024,Residence 412,"$3,905 ",Available Now,Residence 412,beachjc.com/apartments-jersey-city-for-rent/beach/residence-412/
9/14/2024,Residence 608,"$3,990 ",Available 9/27/24,Residence 608,beachjc.com/apartments-jersey-city-for-rent/beach/residence-608/
9/14/2024,Residence 722,"$4,385 ",Available 9/27/24,Residence 722,beachjc.com/apartments-jersey-city-for-rent/beach/residence-722/
9/14/2024,Residence 423,"$4,395 ",Available Now,Residence 423,beachjc.com/apartments-jersey-city-for-rent/beach/residence-423/
9/14/2024,Residence 211,"$4,445 ",Available Now,Residence 211,beachjc.com/apartments-jersey-city-for-rent/beach/residence-211/
9/14/2024,Residence 511,"$4,460 ",Available 9/21/24,Residence 511,beachjc.com/apartments-jersey-city-for-rent/beach/residence-511/
9/14/2024,Residence 1523,"$4,510 ",Available 9/15/24,Residence 1523,beachjc.com/apartments-jersey-city-for-rent/beach/residence-1523/
9/14/2024,Residence 1020,"$5,215 ",Available 9/18/24,Residence 1020,beachjc.com/apartments-jersey-city-for-rent/beach/residence-1020/
9/14/2024,Residence 820,"$5,250 ",Available 10/1/24,Residence 820,beachjc.com/apartments-jersey-city-for-rent/beach/residence-820/
9/14/2024,Residence 507,"$5,275 ",Available 9/27/24,Residence 507,beachjc.com/apartments-jersey-city-for-rent/beach/residence-507/
9/14/2024,Residence 1204,"$5,330 ",Available Now,Residence 1204,beachjc.com/apartments-jersey-city-for-rent/beach/residence-1204/
9/14/2024,Residence 1621,"$5,410 ",Available Now,Residence 1621,beachjc.com/apartments-jersey-city-for-rent/beach/residence-1621/
9/14/2024,Residence 904,"$5,480 ",Available 9/27/24,Residence 904,beachjc.com/apartments-jersey-city-for-rent/beach/residence-904/
9/14/2024,Residence 415,"$5,595 ",Available 9/20/24,Residence 415,beachjc.com/apartments-jersey-city-for-rent/beach/residence-415/
9/14/2024,Residence 515,"$5,645 ",Available 10/4/24,Residence 515,beachjc.com/apartments-jersey-city-for-rent/beach/residence-515/
9/14/2024,Residence 402,"$5,760 ",Available Now,Residence 402,beachjc.com/apartments-jersey-city-for-rent/beach/residence-402/
9/14/2024,Residence 226,"$6,380 ",Available 10/5/24,Residence 226,beachjc.com/apartments-jersey-city-for-rent/beach/residence-226/
9/14/2024,Residence 1625,"$7,075 ",Available 9/25/24,Residence 1625,beachjc.com/apartments-jersey-city-for-rent/beach/residence-1625/
9/14/2024,Residence 2125,"$7,100 ",Available 10/6/24,Residence 2125,beachjc.com/apartments-jersey-city-for-rent/beach/residence-2125/
,,,,,
,,,,,
,,,,,
,,,,,
,,,,,
,,,,,
,,,,,
,,,,,
,,,,,
,,,,,
,,,,,
,,,,,
,,,,,
,,,,,
,,,,,
,,,,,
,,,,,
,,,,,
,,,,,
,,,,,
2024-09-15,Residence 219,"$3,520",Available Now,Residence 219,beachjc.com/apartments-jersey-city-for-rent/beach/residence-219/
2024-09-15,Residence 412,"$3,900",Available Now,Residence 412,beachjc.com/apartments-jersey-city-for-rent/beach/residence-412/
2024-09-15,Residence 608,"$3,990",Available 9/27/24,Residence 608,beachjc.com/apartments-jersey-city-for-rent/beach/residence-608/
2024-09-15,Residence 722,"$4,380",Available 9/27/24,Residence 722,beachjc.com/apartments-jersey-city-for-rent/beach/residence-722/
2024-09-15,Residence 423,"$4,390",Available Now,Residence 423,beachjc.com/apartments-jersey-city-for-rent/beach/residence-423/
2024-09-15,Residence 211,"$4,440",Available Now,Residence 211,beachjc.com/apartments-jersey-city-for-rent/beach/residence-211/
2024-09-15,Residence 511,"$4,455",Available 9/21/24,Residence 511,beachjc.com/apartments-jersey-city-for-rent/beach/residence-511/
2024-09-15,Residence 1523,"$4,505",Available Now,Residence 1523,beachjc.com/apartments-jersey-city-for-rent/beach/residence-1523/
2024-09-15,Residence 206,"$5,155",Available 10/16/24,Residence 206,beachjc.com/apartments-jersey-city-for-rent/beach/residence-206/
2024-09-15,Residence 1020,"$5,215",Available 9/18/24,Residence 1020,beachjc.com/apartments-jersey-city-for-rent/beach/residence-1020/
2024-09-15,Residence 820,"$5,250",Available 10/1/24,Residence 820,beachjc.com/apartments-jersey-city-for-rent/beach/residence-820/
2024-09-15,Residence 507,"$5,275",Available 9/27/24,Residence 507,beachjc.com/apartments-jersey-city-for-rent/beach/residence-507/
2024-09-15,Residence 1204,"$5,330",Available Now,Residence 1204,beachjc.com/apartments-jersey-city-for-rent/beach/residence-1204/
2024-09-15,Residence 1621,"$5,410",Available Now,Residence 1621,beachjc.com/apartments-jersey-city-for-rent/beach/residence-1621/
2024-09-15,Residence 904,"$5,480",Available 9/27/24,Residence 904,beachjc.com/apartments-jersey-city-for-rent/beach/residence-904/
2024-09-15,Residence 415,"$5,595",Available 9/20/24,Residence 415,beachjc.com/apartments-jersey-city-for-rent/beach/residence-415/
2024-09-15,Residence 515,"$5,645",Available 10/4/24,Residence 515,beachjc.com/apartments-jersey-city-for-rent/beach/residence-515/
2024-09-15,Residence 402,"$5,760",Available Now,Residence 402,beachjc.com/apartments-jersey-city-for-rent/beach/residence-402/
2024-09-15,Residence 226,"$6,380",Available 10/5/24,Residence 226,beachjc.com/apartments-jersey-city-for-rent/beach/residence-226/
2024-09-15,Residence 1625,"$7,050",Available 9/25/24,Residence 1625,beachjc.com/apartments-jersey-city-for-rent/beach/residence-1625/
2024-09-15,Residence 2125,"$7,075",Available 10/6/24,Residence 2125,beachjc.com/apartments-jersey-city-for-rent/beach/residence-2125/
2024-09-16,Residence 219,"$3,520",Available Now,Residence 219,beachjc.com/apartments-jersey-city-for-rent/beach/residence-219/
2024-09-16,Residence 412,"$3,895",Available Now,Residence 412,beachjc.com/apartments-jersey-city-for-rent/beach/residence-412/
2024-09-16,Residence 608,"$3,990",Available 9/27/24,Residence 608,beachjc.com/apartments-jersey-city-for-rent/beach/residence-608/
2024-09-16,Residence 722,"$4,375",Available 9/27/24,Residence 722,beachjc.com/apartments-jersey-city-for-rent/beach/residence-722/
2024-09-16,Residence 423,"$4,385",Available Now,Residence 423,beachjc.com/apartments-jersey-city-for-rent/beach/residence-423/
2024-09-16,Residence 211,"$4,435",Available Now,Residence 211,beachjc.com/apartments-jersey-city-for-rent/beach/residence-211/
2024-09-16,Residence 511,"$4,450",Available 9/21/24,Residence 511,beachjc.com/apartments-jersey-city-for-rent/beach/residence-511/
2024-09-16,Residence 1523,"$4,500",Available Now,Residence 1523,beachjc.com/apartments-jersey-city-for-rent/beach/residence-1523/
2024-09-16,Residence 206,"$5,155",Available 10/16/24,Residence 206,beachjc.com/apartments-jersey-city-for-rent/beach/residence-206/
2024-09-16,Residence 1020,"$5,215",Available 9/18/24,Residence 1020,beachjc.com/apartments-jersey-city-for-rent/beach/residence-1020/
2024-09-16,Residence 820,"$5,250",Available 10/1/24,Residence 820,beachjc.com/apartments-jersey-city-for-rent/beach/residence-820/
2024-09-16,Residence 507,"$5,275",Available 9/27/24,Residence 507,beachjc.com/apartments-jersey-city-for-rent/beach/residence-507/
2024-09-16,Residence 1204,"$5,330",Available Now,Residence 1204,beachjc.com/apartments-jersey-city-for-rent/beach/residence-1204/
2024-09-16,Residence 1621,"$5,410",Available Now,Residence 1621,beachjc.com/apartments-jersey-city-for-rent/beach/residence-1621/
2024-09-16,Residence 904,"$5,480",Available 9/27/24,Residence 904,beachjc.com/apartments-jersey-city-for-rent/beach/residence-904/
2024-09-16,Residence 415,"$5,595",Available 9/20/24,Residence 415,beachjc.com/apartments-jersey-city-for-rent/beach/residence-415/
2024-09-16,Residence 515,"$5,645",Available 10/4/24,Residence 515,beachjc.com/apartments-jersey-city-for-rent/beach/residence-515/
2024-09-16,Residence 402,"$5,760",Available Now,Residence 402,beachjc.com/apartments-jersey-city-for-rent/beach/residence-402/
2024-09-16,Residence 226,"$6,380",Available 10/5/24,Residence 226,beachjc.com/apartments-jersey-city-for-rent/beach/residence-226/
2024-09-16,Residence 1625,"$7,030",Available 9/25/24,Residence 1625,beachjc.com/apartments-jersey-city-for-rent/beach/residence-1625/
2024-09-16,Residence 2125,"$7,055",Available 10/6/24,Residence 2125,beachjc.com/apartments-jersey-city-for-rent/beach/residence-2125/
2024-09-16,Residence 219,"$3,520",Available Now,Residence 219,beachjc.com/apartments-jersey-city-for-rent/beach/residence-219/
2024-09-16,Residence 412,"$3,895",Available Now,Residence 412,beachjc.com/apartments-jersey-city-for-rent/beach/residence-412/
2024-09-16,Residence 608,"$3,990",Available 9/27/24,Residence 608,beachjc.com/apartments-jersey-city-for-rent/beach/residence-608/
2024-09-16,Residence 722,"$4,375",Available 9/27/24,Residence 722,beachjc.com/apartments-jersey-city-for-rent/beach/residence-722/
2024-09-16,Residence 423,"$4,385",Available Now,Residence 423,beachjc.com/apartments-jersey-city-for-rent/beach/residence-423/
2024-09-16,Residence 211,"$4,435",Available Now,Residence 211,beachjc.com/apartments-jersey-city-for-rent/beach/residence-211/
2024-09-16,Residence 511,"$4,450",Available 9/21/24,Residence 511,beachjc.com/apartments-jersey-city-for-rent/beach/residence-511/
2024-09-16,Residence 1523,"$4,500",Available Now,Residence 1523,beachjc.com/apartments-jersey-city-for-rent/beach/residence-1523/
2024-09-16,Residence 206,"$5,155",Available 10/16/24,Residence 206,beachjc.com/apartments-jersey-city-for-rent/beach/residence-206/
2024-09-16,Residence 1020,"$5,215",Available 9/18/24,Residence 1020,beachjc.com/apartments-jersey-city-for-rent/beach/residence-1020/
2024-09-16,Residence 820,"$5,250",Available 10/1/24,Residence 820,beachjc.com/apartments-jersey-city-for-rent/beach/residence-820/
2024-09-16,Residence 507,"$5,275",Available 9/27/24,Residence 507,beachjc.com/apartments-jersey-city-for-rent/beach/residence-507/
2024-09-16,Residence 1204,"$5,330",Available Now,Residence 1204,beachjc.com/apartments-jersey-city-for-rent/beach/residence-1204/
2024-09-16,Residence 1621,"$5,410",Available Now,Residence 1621,beachjc.com/apartments-jersey-city-for-rent/beach/residence-1621/
2024-09-16,Residence 904,"$5,480",Available 9/27/24,Residence 904,beachjc.com/apartments-jersey-city-for-rent/beach/residence-904/
2024-09-16,Residence 415,"$5,595",Available 9/20/24,Residence 415,beachjc.com/apartments-jersey-city-for-rent/beach/residence-415/
2024-09-16,Residence 515,"$5,645",Available 10/4/24,Residence 515,beachjc.com/apartments-jersey-city-for-rent/beach/residence-515/
2024-09-16,Residence 402,"$5,760",Available Now,Residence 402,beachjc.com/apartments-jersey-city-for-rent/beach/residence-402/
2024-09-16,Residence 226,"$6,380",Available 10/5/24,Residence 226,beachjc.com/apartments-jersey-city-for-rent/beach/residence-226/
2024-09-16,Residence 1625,"$7,030",Available 9/25/24,Residence 1625,beachjc.com/apartments-jersey-city-for-rent/beach/residence-1625/
2024-09-16,Residence 2125,"$7,055",Available 10/6/24,Residence 2125,beachjc.com/apartments-jersey-city-for-rent/beach/residence-2125/
2024-09-16,Residence 219,"$3,520",Available Now,433 Sq Ft,beachjc.com/apartments-jersey-city-for-rent/beach/residence-219/
2024-09-16,Residence 412,"$3,895",Available Now,728 Sq Ft,beachjc.com/apartments-jersey-city-for-rent/beach/residence-412/
2024-09-16,Residence 608,"$3,990",Available 9/27/24,552 Sq Ft,beachjc.com/apartments-jersey-city-for-rent/beach/residence-608/
2024-09-16,Residence 722,"$4,375",Available 9/27/24,723 Sq Ft,beachjc.com/apartments-jersey-city-for-rent/beach/residence-722/
2024-09-16,Residence 423,"$4,385",Available Now,730 Sq Ft,beachjc.com/apartments-jersey-city-for-rent/beach/residence-423/
2024-09-16,Residence 211,"$4,435",Available Now,761 Sq Ft,beachjc.com/apartments-jersey-city-for-rent/beach/residence-211/
2024-09-16,Residence 511,"$4,450",Available 9/21/24,761 Sq Ft,beachjc.com/apartments-jersey-city-for-rent/beach/residence-511/
2024-09-16,Residence 1523,"$4,500",Available Now,730 Sq Ft,beachjc.com/apartments-jersey-city-for-rent/beach/residence-1523/
2024-09-16,Residence 206,"$5,155",Available 10/16/24,"1,096 Sq Ft",beachjc.com/apartments-jersey-city-for-rent/beach/residence-206/
2024-09-16,Residence 1020,"$5,215",Available 9/18/24,930 Sq Ft,beachjc.com/apartments-jersey-city-for-rent/beach/residence-1020/
2024-09-16,Residence 820,"$5,250",Available 10/1/24,930 Sq Ft,beachjc.com/apartments-jersey-city-for-rent/beach/residence-820/
2024-09-16,Residence 507,"$5,275",Available 9/27/24,"1,121 Sq Ft",beachjc.com/apartments-jersey-city-for-rent/beach/residence-507/
2024-09-16,Residence 1204,"$5,330",Available Now,"1,009 Sq Ft",beachjc.com/apartments-jersey-city-for-rent/beach/residence-1204/
2024-09-16,Residence 1621,"$5,410",Available Now,877 Sq Ft,beachjc.com/apartments-jersey-city-for-rent/beach/residence-1621/
2024-09-16,Residence 904,"$5,480",Available 9/27/24,"1,009 Sq Ft",beachjc.com/apartments-jersey-city-for-rent/beach/residence-904/
2024-09-16,Residence 415,"$5,595",Available 9/20/24,"1,055 Sq Ft",beachjc.com/apartments-jersey-city-for-rent/beach/residence-415/
2024-09-16,Residence 515,"$5,645",Available 10/4/24,"1,055 Sq Ft",beachjc.com/apartments-jersey-city-for-rent/beach/residence-515/
2024-09-16,Residence 402,"$5,760",Available Now,"1,020 Sq Ft",beachjc.com/apartments-jersey-city-for-rent/beach/residence-402/
2024-09-16,Residence 226,"$6,380",Available 10/5/24,"1,166 Sq Ft",beachjc.com/apartments-jersey-city-for-rent/beach/residence-226/
2024-09-16,Residence 1625,"$7,030",Available 9/25/24,"1,409 Sq Ft",beachjc.com/apartments-jersey-city-for-rent/beach/residence-1625/
2024-09-16,Residence 2125,"$7,055",Available 10/6/24,"1,409 Sq Ft",beachjc.com/apartments-jersey-city-for-rent/beach/residence-2125/
2024-09-17,Residence 219,"$3,520",Available Now,433 Sq Ft,beachjc.com/apartments-jersey-city-for-rent/beach/residence-219/
2024-09-17,Residence 412,"$3,895",Available Now,728 Sq Ft,beachjc.com/apartments-jersey-city-for-rent/beach/residence-412/
2024-09-17,Residence 608,"$3,990",Available 9/27/24,552 Sq Ft,beachjc.com/apartments-jersey-city-for-rent/beach/residence-608/
2024-09-17,Residence 722,"$4,375",Available 9/27/24,723 Sq Ft,beachjc.com/apartments-jersey-city-for-rent/beach/residence-722/
2024-09-17,Residence 423,"$4,385",Available Now,730 Sq Ft,beachjc.com/apartments-jersey-city-for-rent/beach/residence-423/
2024-09-17,Residence 211,"$4,435",Available Now,761 Sq Ft,beachjc.com/apartments-jersey-city-for-rent/beach/residence-211/
2024-09-17,Residence 511,"$4,450",Available 9/21/24,761 Sq Ft,beachjc.com/apartments-jersey-city-for-rent/beach/residence-511/
2024-09-17,Residence 206,"$5,155",Available 10/16/24,"1,096 Sq Ft",beachjc.com/apartments-jersey-city-for-rent/beach/residence-206/
2024-09-17,Residence 1020,"$5,215",Available 9/18/24,930 Sq Ft,beachjc.com/apartments-jersey-city-for-rent/beach/residence-1020/
2024-09-17,Residence 820,"$5,250",Available 10/1/24,930 Sq Ft,beachjc.com/apartments-jersey-city-for-rent/beach/residence-820/
2024-09-17,Residence 507,"$5,275",Available 9/27/24,"1,121 Sq Ft",beachjc.com/apartments-jersey-city-for-rent/beach/residence-507/
2024-09-17,Residence 1204,"$5,330",Available Now,"1,009 Sq Ft",beachjc.com/apartments-jersey-city-for-rent/beach/residence-1204/
2024-09-17,Residence 1621,"$5,410",Available Now,877 Sq Ft,beachjc.com/apartments-jersey-city-for-rent/beach/residence-1621/
2024-09-17,Residence 904,"$5,480",Available 9/27/24,"1,009 Sq Ft",beachjc.com/apartments-jersey-city-for-rent/beach/residence-904/
2024-09-17,Residence 415,"$5,595",Available 9/20/24,"1,055 Sq Ft",beachjc.com/apartments-jersey-city-for-rent/beach/residence-415/
2024-09-17,Residence 515,"$5,645",Available 10/4/24,"1,055 Sq Ft",beachjc.com/apartments-jersey-city-for-rent/beach/residence-515/
2024-09-17,Residence 402,"$5,760",Available Now,"1,020 Sq Ft",beachjc.com/apartments-jersey-city-for-rent/beach/residence-402/
2024-09-17,Residence 226,"$6,380",Available 10/5/24,"1,166 Sq Ft",beachjc.com/apartments-jersey-city-for-rent/beach/residence-226/
2024-09-17,Residence 1625,"$7,005",Available 9/25/24,"1,409 Sq Ft",beachjc.com/apartments-jersey-city-for-rent/beach/residence-1625/
2024-09-17,Residence 2125,"$7,030",Available 10/6/24,"1,409 Sq Ft",beachjc.com/apartments-jersey-city-for-rent/beach/residence-2125/
2024-09-17,Residence 219,"$3,415",Available Now,433 Sq Ft,beachjc.com/apartments-jersey-city-for-rent/beach/residence-219/
2024-09-17,Residence 412,"$3,775",Available Now,728 Sq Ft,beachjc.com/apartments-jersey-city-for-rent/beach/residence-412/
2024-09-17,Residence 608,"$3,885",Available 9/27/24,552 Sq Ft,beachjc.com/apartments-jersey-city-for-rent/beach/residence-608/
2024-09-17,Residence 722,"$4,255",Available 9/27/24,723 Sq Ft,beachjc.com/apartments-jersey-city-for-rent/beach/residence-722/
2024-09-17,Residence 423,"$4,265",Available Now,730 Sq Ft,beachjc.com/apartments-jersey-city-for-rent/beach/residence-423/
2024-09-17,Residence 211,"$4,315",Available Now,761 Sq Ft,beachjc.com/apartments-jersey-city-for-rent/beach/residence-211/
2024-09-17,Residence 511,"$4,330",Available 9/21/24,761 Sq Ft,beachjc.com/apartments-jersey-city-for-rent/beach/residence-511/
2024-09-17,Residence 206,"$5,105",Available 10/16/24,"1,096 Sq Ft",beachjc.com/apartments-jersey-city-for-rent/beach/residence-206/
2024-09-17,Residence 1020,"$5,165",Available 9/18/24,930 Sq Ft,beachjc.com/apartments-jersey-city-for-rent/beach/residence-1020/
2024-09-17,Residence 820,"$5,200",Available 10/1/24,930 Sq Ft,beachjc.com/apartments-jersey-city-for-rent/beach/residence-820/
2024-09-17,Residence 507,"$5,225",Available 9/27/24,"1,121 Sq Ft",beachjc.com/apartments-jersey-city-for-rent/beach/residence-507/
2024-09-17,Residence 1204,"$5,330",Available Now,"1,009 Sq Ft",beachjc.com/apartments-jersey-city-for-rent/beach/residence-1204/
2024-09-17,Residence 1621,"$5,360",Available Now,877 Sq Ft,beachjc.com/apartments-jersey-city-for-rent/beach/residence-1621/
2024-09-17,Residence 904,"$5,430",Available 9/27/24,"1,009 Sq Ft",beachjc.com/apartments-jersey-city-for-rent/beach/residence-904/
2024-09-17,Residence 415,"$5,545",Available 9/20/24,"1,055 Sq Ft",beachjc.com/apartments-jersey-city-for-rent/beach/residence-415/
2024-09-17,Residence 515,"$5,595",Available 10/4/24,"1,055 Sq Ft",beachjc.com/apartments-jersey-city-for-rent/beach/residence-515/
2024-09-17,Residence 402,"$5,710",Available Now,"1,020 Sq Ft",beachjc.com/apartments-jersey-city-for-rent/beach/residence-402/
2024-09-17,Residence 226,"$6,330",Available 10/5/24,"1,166 Sq Ft",beachjc.com/apartments-jersey-city-for-rent/beach/residence-226/
2024-09-17,Residence 1625,"$7,005",Available 9/25/24,"1,409 Sq Ft",beachjc.com/apartments-jersey-city-for-rent/beach/residence-1625/
2024-09-17,Residence 2125,"$7,030",Available 10/6/24,"1,409 Sq Ft",beachjc.com/apartments-jersey-city-for-rent/beach/residence-2125/
2024-09-18,Residence 219,"$3,415",Available Now,433 Sq Ft,beachjc.com/apartments-jersey-city-for-rent/beach/residence-219/
2024-09-18,Residence 412,"$3,775",Available Now,728 Sq Ft,beachjc.com/apartments-jersey-city-for-rent/beach/residence-412/
2024-09-18,Residence 608,"$3,885",Available 9/27/24,552 Sq Ft,beachjc.com/apartments-jersey-city-for-rent/beach/residence-608/
2024-09-18,Residence 722,"$4,255",Available 9/27/24,723 Sq Ft,beachjc.com/apartments-jersey-city-for-rent/beach/residence-722/
2024-09-18,Residence 423,"$4,265",Available Now,730 Sq Ft,beachjc.com/apartments-jersey-city-for-rent/beach/residence-423/
2024-09-18,Residence 211,"$4,315",Available Now,761 Sq Ft,beachjc.com/apartments-jersey-city-for-rent/beach/residence-211/
2024-09-18,Residence 511,"$4,330",Available 9/21/24,761 Sq Ft,beachjc.com/apartments-jersey-city-for-rent/beach/residence-511/
2024-09-18,Residence 206,"$5,060",Available 10/16/24,"1,096 Sq Ft",beachjc.com/apartments-jersey-city-for-rent/beach/residence-206/
2024-09-18,Residence 820,"$5,155",Available 10/1/24,930 Sq Ft,beachjc.com/apartments-jersey-city-for-rent/beach/residence-820/
2024-09-18,Residence 1020,"$5,165",Available Now,930 Sq Ft,beachjc.com/apartments-jersey-city-for-rent/beach/residence-1020/
2024-09-18,Residence 507,"$5,225",Available 9/27/24,"1,121 Sq Ft",beachjc.com/apartments-jersey-city-for-rent/beach/residence-507/
2024-09-18,Residence 1204,"$5,330",Available Now,"1,009 Sq Ft",beachjc.com/apartments-jersey-city-for-rent/beach/residence-1204/
2024-09-18,Residence 1621,"$5,360",Available Now,877 Sq Ft,beachjc.com/apartments-jersey-city-for-rent/beach/residence-1621/
2024-09-18,Residence 904,"$5,430",Available 9/27/24,"1,009 Sq Ft",beachjc.com/apartments-jersey-city-for-rent/beach/residence-904/
2024-09-18,Residence 415,"$5,545",Available 9/20/24,"1,055 Sq Ft",beachjc.com/apartments-jersey-city-for-rent/beach/residence-415/
2024-09-18,Residence 515,"$5,550",Available 10/4/24,"1,055 Sq Ft",beachjc.com/apartments-jersey-city-for-rent/beach/residence-515/
2024-09-18,Residence 402,"$5,710",Available Now,"1,020 Sq Ft",beachjc.com/apartments-jersey-city-for-rent/beach/residence-402/
2024-09-18,Residence 226,"$6,285",Available 10/5/24,"1,166 Sq Ft",beachjc.com/apartments-jersey-city-for-rent/beach/residence-226/
2024-09-18,Residence 1625,"$6,970",Available 9/25/24,"1,409 Sq Ft",beachjc.com/apartments-jersey-city-for-rent/beach/residence-1625/
2024-09-18,Residence 2125,"$6,995",Available 10/6/24,"1,409 Sq Ft",beachjc.com/apartments-jersey-city-for-rent/beach/residence-2125/
2024-09-19,Residence 219,"$3,415",Available Now,433 Sq Ft,beachjc.com/apartments-jersey-city-for-rent/beach/residence-219/
2024-09-19,Residence 412,"$3,775",Available Now,728 Sq Ft,beachjc.com/apartments-jersey-city-for-rent/beach/residence-412/
2024-09-19,Residence 608,"$3,885",Available 9/27/24,552 Sq Ft,beachjc.com/apartments-jersey-city-for-rent/beach/residence-608/
2024-09-19,Residence 1208,"$3,935",Available 10/16/24,552 Sq Ft,beachjc.com/apartments-jersey-city-for-rent/beach/residence-1208/
2024-09-19,Residence 722,"$4,255",Available 9/27/24,723 Sq Ft,beachjc.com/apartments-jersey-city-for-rent/beach/residence-722/
2024-09-19,Residence 423,"$4,265",Available Now,730 Sq Ft,beachjc.com/apartments-jersey-city-for-rent/beach/residence-423/
2024-09-19,Residence 211,"$4,315",Available Now,761 Sq Ft,beachjc.com/apartments-jersey-city-for-rent/beach/residence-211/
2024-09-19,Residence 511,"$4,330",Available 9/21/24,761 Sq Ft,beachjc.com/apartments-jersey-city-for-rent/beach/residence-511/
2024-09-19,Residence 206,"$5,060",Available 10/16/24,"1,096 Sq Ft",beachjc.com/apartments-jersey-city-for-rent/beach/residence-206/
2024-09-19,Residence 820,"$5,155",Available 10/1/24,930 Sq Ft,beachjc.com/apartments-jersey-city-for-rent/beach/residence-820/
2024-09-19,Residence 1020,"$5,165",Available Now,930 Sq Ft,beachjc.com/apartments-jersey-city-for-rent/beach/residence-1020/
2024-09-19,Residence 507,"$5,225",Available 9/27/24,"1,121 Sq Ft",beachjc.com/apartments-jersey-city-for-rent/beach/residence-507/
2024-09-19,Residence 1204,"$5,281",Available Now,"1,009 Sq Ft",beachjc.com/apartments-jersey-city-for-rent/beach/residence-1204/
2024-09-19,Residence 1621,"$5,360",Available Now,877 Sq Ft,beachjc.com/apartments-jersey-city-for-rent/beach/residence-1621/
2024-09-19,Residence 904,"$5,430",Available 9/27/24,"1,009 Sq Ft",beachjc.com/apartments-jersey-city-for-rent/beach/residence-904/
2024-09-19,Residence 415,"$5,545",Available 9/20/24,"1,055 Sq Ft",beachjc.com/apartments-jersey-city-for-rent/beach/residence-415/
2024-09-19,Residence 515,"$5,550",Available 10/4/24,"1,055 Sq Ft",beachjc.com/apartments-jersey-city-for-rent/beach/residence-515/
2024-09-19,Residence 402,"$5,710",Available Now,"1,020 Sq Ft",beachjc.com/apartments-jersey-city-for-rent/beach/residence-402/
2024-09-19,Residence 226,"$6,285",Available 10/5/24,"1,166 Sq Ft",beachjc.com/apartments-jersey-city-for-rent/beach/residence-226/
2024-09-19,Residence 1625,"$6,940",Available 9/25/24,"1,409 Sq Ft",beachjc.com/apartments-jersey-city-for-rent/beach/residence-1625/
2024-09-19,Residence 2125,"$6,965",Available 10/6/24,"1,409 Sq Ft",beachjc.com/apartments-jersey-city-for-rent/beach/residence-2125/
2024-09-20,Residence 219,"$3,395",Available Now,433 Sq Ft,beachjc.com/apartments-jersey-city-for-rent/beach/residence-219/
2024-09-20,Residence 412,"$3,775",Available Now,728 Sq Ft,beachjc.com/apartments-jersey-city-for-rent/beach/residence-412/
2024-09-20,Residence 608,"$3,865",Available 9/27/24,552 Sq Ft,beachjc.com/apartments-jersey-city-for-rent/beach/residence-608/
2024-09-20,Residence 1208,"$3,935",Available 10/16/24,552 Sq Ft,beachjc.com/apartments-jersey-city-for-rent/beach/residence-1208/
2024-09-20,Residence 322,"$4,235",Available 10/21/24,723 Sq Ft,beachjc.com/apartments-jersey-city-for-rent/beach/residence-322/
2024-09-20,Residence 423,"$4,265",Available Now,730 Sq Ft,beachjc.com/apartments-jersey-city-for-rent/beach/residence-423/
2024-09-20,Residence 211,"$4,315",Available Now,761 Sq Ft,beachjc.com/apartments-jersey-city-for-rent/beach/residence-211/
2024-09-20,Residence 511,"$4,330",Available 9/21/24,761 Sq Ft,beachjc.com/apartments-jersey-city-for-rent/beach/residence-511/
2024-09-20,Residence 206,"$5,050",Available 10/16/24,"1,096 Sq Ft",beachjc.com/apartments-jersey-city-for-rent/beach/residence-206/
2024-09-20,Residence 820,"$5,145",Available 10/1/24,930 Sq Ft,beachjc.com/apartments-jersey-city-for-rent/beach/residence-820/
2024-09-20,Residence 1020,"$5,155",Available Now,930 Sq Ft,beachjc.com/apartments-jersey-city-for-rent/beach/residence-1020/
2024-09-20,Residence 507,"$5,215",Available 9/27/24,"1,121 Sq Ft",beachjc.com/apartments-jersey-city-for-rent/beach/residence-507/
2024-09-20,Residence 1204,"$5,281",Available Now,"1,009 Sq Ft",beachjc.com/apartments-jersey-city-for-rent/beach/residence-1204/
2024-09-20,Residence 1621,"$5,350",Available Now,877 Sq Ft,beachjc.com/apartments-jersey-city-for-rent/beach/residence-1621/
2024-09-20,Residence 904,"$5,420",Available 9/27/24,"1,009 Sq Ft",beachjc.com/apartments-jersey-city-for-rent/beach/residence-904/
2024-09-20,Residence 415,"$5,535",Available Now,"1,055 Sq Ft",beachjc.com/apartments-jersey-city-for-rent/beach/residence-415/
2024-09-20,Residence 515,"$5,540",Available 10/4/24,"1,055 Sq Ft",beachjc.com/apartments-jersey-city-for-rent/beach/residence-515/
2024-09-20,Residence 402,"$5,700",Available Now,"1,020 Sq Ft",beachjc.com/apartments-jersey-city-for-rent/beach/residence-402/
2024-09-20,Residence 226,"$6,275",Available 10/5/24,"1,166 Sq Ft",beachjc.com/apartments-jersey-city-for-rent/beach/residence-226/
2024-09-20,Residence 1625,"$6,940",Available 9/25/24,"1,409 Sq Ft",beachjc.com/apartments-jersey-city-for-rent/beach/residence-1625/
2024-09-20,Residence 2125,"$6,975",Available 10/6/24,"1,409 Sq Ft",beachjc.com/apartments-jersey-city-for-rent/beach/residence-2125/
2024-09-21,Residence 219,"$3,375",Available Now,433 Sq Ft,beachjc.com/apartments-jersey-city-for-rent/beach/residence-219/
2024-09-21,Residence 412,"$3,775",Available Now,728 Sq Ft,beachjc.com/apartments-jersey-city-for-rent/beach/residence-412/
2024-09-21,Residence 608,"$3,845",Available 9/27/24,552 Sq Ft,beachjc.com/apartments-jersey-city-for-rent/beach/residence-608/
2024-09-21,Residence 1208,"$3,935",Available 10/16/24,552 Sq Ft,beachjc.com/apartments-jersey-city-for-rent/beach/residence-1208/
2024-09-21,Residence 322,"$4,235",Available 10/21/24,723 Sq Ft,beachjc.com/apartments-jersey-city-for-rent/beach/residence-322/
2024-09-21,Residence 423,"$4,265",Available Now,730 Sq Ft,beachjc.com/apartments-jersey-city-for-rent/beach/residence-423/
2024-09-21,Residence 723,"$4,280",Available 10/23/24,730 Sq Ft,beachjc.com/apartments-jersey-city-for-rent/beach/residence-723/
2024-09-21,Residence 211,"$4,315",Available Now,761 Sq Ft,beachjc.com/apartments-jersey-city-for-rent/beach/residence-211/
2024-09-21,Residence 511,"$4,330",Available Now,761 Sq Ft,beachjc.com/apartments-jersey-city-for-rent/beach/residence-511/
2024-09-21,Residence 1222,"$4,345",Available 10/23/24,723 Sq Ft,beachjc.com/apartments-jersey-city-for-rent/beach/residence-1222/
2024-09-21,Residence 1523,"$4,380",Available Now,730 Sq Ft,beachjc.com/apartments-jersey-city-for-rent/beach/residence-1523/
2024-09-21,Residence 206,"$5,050",Available 10/16/24,"1,096 Sq Ft",beachjc.com/apartments-jersey-city-for-rent/beach/residence-206/
2024-09-21,Residence 820,"$5,145",Available 10/1/24,930 Sq Ft,beachjc.com/apartments-jersey-city-for-rent/beach/residence-820/
2024-09-21,Residence 1020,"$5,155",Available Now,930 Sq Ft,beachjc.com/apartments-jersey-city-for-rent/beach/residence-1020/
2024-09-21,Residence 507,"$5,215",Available 9/27/24,"1,121 Sq Ft",beachjc.com/apartments-jersey-city-for-rent/beach/residence-507/
2024-09-21,Residence 1621,"$5,350",Available Now,877 Sq Ft,beachjc.com/apartments-jersey-city-for-rent/beach/residence-1621/
2024-09-21,Residence 904,"$5,420",Available 9/27/24,"1,009 Sq Ft",beachjc.com/apartments-jersey-city-for-rent/beach/residence-904/
2024-09-21,Residence 415,"$5,535",Available Now,"1,055 Sq Ft",beachjc.com/apartments-jersey-city-for-rent/beach/residence-415/
2024-09-21,Residence 515,"$5,540",Available 10/4/24,"1,055 Sq Ft",beachjc.com/apartments-jersey-city-for-rent/beach/residence-515/
2024-09-21,Residence 402,"$5,700",Available Now,"1,020 Sq Ft",beachjc.com/apartments-jersey-city-for-rent/beach/residence-402/
2024-09-21,Residence 226,"$6,275",Available 10/5/24,"1,166 Sq Ft",beachjc.com/apartments-jersey-city-for-rent/beach/residence-226/
2024-09-21,Residence 1625,"$6,940",Available 9/25/24,"1,409 Sq Ft",beachjc.com/apartments-jersey-city-for-rent/beach/residence-1625/
2024-09-21,Residence 2125,"$6,975",Available 10/6/24,"1,409 Sq Ft",beachjc.com/apartments-jersey-city-for-rent/beach/residence-2125/
2024-09-22,Residence 219,"$3,355",Available Now,433 Sq Ft,beachjc.com/apartments-jersey-city-for-rent/beach/residence-219/
2024-09-22,Residence 412,"$3,765",Available Now,728 Sq Ft,beachjc.com/apartments-jersey-city-for-rent/beach/residence-412/
2024-09-22,Residence 608,"$3,825",Available 9/27/24,552 Sq Ft,beachjc.com/apartments-jersey-city-for-rent/beach/residence-608/
2024-09-22,Residence 1208,"$3,925",Available 10/16/24,552 Sq Ft,beachjc.com/apartments-jersey-city-for-rent/beach/residence-1208/
2024-09-22,Residence 322,"$4,225",Available 10/21/24,723 Sq Ft,beachjc.com/apartments-jersey-city-for-rent/beach/residence-322/
2024-09-22,Residence 423,"$4,255",Available Now,730 Sq Ft,beachjc.com/apartments-jersey-city-for-rent/beach/residence-423/
2024-09-22,Residence 723,"$4,270",Available 10/23/24,730 Sq Ft,beachjc.com/apartments-jersey-city-for-rent/beach/residence-723/
2024-09-22,Residence 211,"$4,305",Available Now,761 Sq Ft,beachjc.com/apartments-jersey-city-for-rent/beach/residence-211/
2024-09-22,Residence 511,"$4,320",Available Now,761 Sq Ft,beachjc.com/apartments-jersey-city-for-rent/beach/residence-511/
2024-09-22,Residence 1222,"$4,335",Available 10/23/24,723 Sq Ft,beachjc.com/apartments-jersey-city-for-rent/beach/residence-1222/
2024-09-22,Residence 1523,"$4,370",Available Now,730 Sq Ft,beachjc.com/apartments-jersey-city-for-rent/beach/residence-1523/
2024-09-22,Residence 206,"$5,050",Available 10/16/24,"1,096 Sq Ft",beachjc.com/apartments-jersey-city-for-rent/beach/residence-206/
2024-09-22,Residence 820,"$5,145",Available 10/1/24,930 Sq Ft,beachjc.com/apartments-jersey-city-for-rent/beach/residence-820/
2024-09-22,Residence 1020,"$5,155",Available Now,930 Sq Ft,beachjc.com/apartments-jersey-city-for-rent/beach/residence-1020/
2024-09-22,Residence 507,"$5,215",Available 9/27/24,"1,121 Sq Ft",beachjc.com/apartments-jersey-city-for-rent/beach/residence-507/
2024-09-22,Residence 1621,"$5,350",Available Now,877 Sq Ft,beachjc.com/apartments-jersey-city-for-rent/beach/residence-1621/
2024-09-22,Residence 904,"$5,420",Available 9/27/24,"1,009 Sq Ft",beachjc.com/apartments-jersey-city-for-rent/beach/residence-904/
2024-09-22,Residence 415,"$5,535",Available Now,"1,055 Sq Ft",beachjc.com/apartments-jersey-city-for-rent/beach/residence-415/
2024-09-22,Residence 515,"$5,540",Available 10/4/24,"1,055 Sq Ft",beachjc.com/apartments-jersey-city-for-rent/beach/residence-515/
2024-09-22,Residence 402,"$5,700",Available Now,"1,020 Sq Ft",beachjc.com/apartments-jersey-city-for-rent/beach/residence-402/
2024-09-22,Residence 226,"$6,275",Available 10/5/24,"1,166 Sq Ft",beachjc.com/apartments-jersey-city-for-rent/beach/residence-226/
2024-09-22,Residence 1625,"$6,955",Available 9/25/24,"1,409 Sq Ft",beachjc.com/apartments-jersey-city-for-rent/beach/residence-1625/
2024-09-23,Residence 219,"$3,335",Available Now,433 Sq Ft,beachjc.com/apartments-jersey-city-for-rent/beach/residence-219/
2024-09-23,Residence 412,"$3,755",Available Now,728 Sq Ft,beachjc.com/apartments-jersey-city-for-rent/beach/residence-412/
2024-09-23,Residence 608,"$3,805",Available 9/27/24,552 Sq Ft,beachjc.com/apartments-jersey-city-for-rent/beach/residence-608/
2024-09-23,Residence 1208,"$3,915",Available 10/16/24,552 Sq Ft,beachjc.com/apartments-jersey-city-for-rent/beach/residence-1208/
2024-09-23,Residence 322,"$4,215",Available 10/21/24,723 Sq Ft,beachjc.com/apartments-jersey-city-for-rent/beach/residence-322/
2024-09-23,Residence 423,"$4,245",Available Now,730 Sq Ft,beachjc.com/apartments-jersey-city-for-rent/beach/residence-423/
2024-09-23,Residence 723,"$4,260",Available 10/23/24,730 Sq Ft,beachjc.com/apartments-jersey-city-for-rent/beach/residence-723/
2024-09-23,Residence 211,"$4,295",Available Now,761 Sq Ft,beachjc.com/apartments-jersey-city-for-rent/beach/residence-211/
2024-09-23,Residence 511,"$4,310",Available Now,761 Sq Ft,beachjc.com/apartments-jersey-city-for-rent/beach/residence-511/
2024-09-23,Residence 1222,"$4,325",Available 10/23/24,723 Sq Ft,beachjc.com/apartments-jersey-city-for-rent/beach/residence-1222/
2024-09-23,Residence 206,"$5,050",Available 10/16/24,"1,096 Sq Ft",beachjc.com/apartments-jersey-city-for-rent/beach/residence-206/
2024-09-23,Residence 820,"$5,145",Available 10/1/24,930 Sq Ft,beachjc.com/apartments-jersey-city-for-rent/beach/residence-820/
2024-09-23,Residence 1020,"$5,155",Available Now,930 Sq Ft,beachjc.com/apartments-jersey-city-for-rent/beach/residence-1020/
2024-09-23,Residence 507,"$5,215",Available 9/27/24,"1,121 Sq Ft",beachjc.com/apartments-jersey-city-for-rent/beach/residence-507/
2024-09-23,Residence 1621,"$5,350",Available Now,877 Sq Ft,beachjc.com/apartments-jersey-city-for-rent/beach/residence-1621/
2024-09-23,Residence 904,"$5,420",Available 9/27/24,"1,009 Sq Ft",beachjc.com/apartments-jersey-city-for-rent/beach/residence-904/
2024-09-23,Residence 415,"$5,535",Available Now,"1,055 Sq Ft",beachjc.com/apartments-jersey-city-for-rent/beach/residence-415/
2024-09-23,Residence 515,"$5,540",Available 10/4/24,"1,055 Sq Ft",beachjc.com/apartments-jersey-city-for-rent/beach/residence-515/
2024-09-23,Residence 402,"$5,700",Available Now,"1,020 Sq Ft",beachjc.com/apartments-jersey-city-for-rent/beach/residence-402/
2024-09-23,Residence 226,"$6,275",Available 10/5/24,"1,166 Sq Ft",beachjc.com/apartments-jersey-city-for-rent/beach/residence-226/
2024-09-23,Residence 1625,"$6,970",Available 9/25/24,"1,409 Sq Ft",beachjc.com/apartments-jersey-city-for-rent/beach/residence-1625/
2024-09-24,Residence 219,"$3,345",Available Now,433 Sq Ft,beachjc.com/apartments-jersey-city-for-rent/beach/residence-219/
2024-09-24,Residence 412,"$3,750",Available Now,728 Sq Ft,beachjc.com/apartments-jersey-city-for-rent/beach/residence-412/
2024-09-24,Residence 608,"$3,815",Available 9/27/24,552 Sq Ft,beachjc.com/apartments-jersey-city-for-rent/beach/residence-608/
2024-09-24,Residence 1208,"$3,910",Available 10/16/24,552 Sq Ft,beachjc.com/apartments-jersey-city-for-rent/beach/residence-1208/
2024-09-24,Residence 211,"$4,166",Available Now,761 Sq Ft,beachjc.com/apartments-jersey-city-for-rent/beach/residence-211/
2024-09-24,Residence 322,"$4,210",Available 10/21/24,723 Sq Ft,beachjc.com/apartments-jersey-city-for-rent/beach/residence-322/
2024-09-24,Residence 423,"$4,240",Available Now,730 Sq Ft,beachjc.com/apartments-jersey-city-for-rent/beach/residence-423/
2024-09-24,Residence 723,"$4,255",Available 10/23/24,730 Sq Ft,beachjc.com/apartments-jersey-city-for-rent/beach/residence-723/
2024-09-24,Residence 511,"$4,305",Available Now,761 Sq Ft,beachjc.com/apartments-jersey-city-for-rent/beach/residence-511/
2024-09-24,Residence 1222,"$4,320",Available 10/23/24,723 Sq Ft,beachjc.com/apartments-jersey-city-for-rent/beach/residence-1222/
2024-09-24,Residence 206,"$5,050",Available 10/16/24,"1,096 Sq Ft",beachjc.com/apartments-jersey-city-for-rent/beach/residence-206/
2024-09-24,Residence 820,"$5,145",Available 10/1/24,930 Sq Ft,beachjc.com/apartments-jersey-city-for-rent/beach/residence-820/
2024-09-24,Residence 1020,"$5,155",Available Now,930 Sq Ft,beachjc.com/apartments-jersey-city-for-rent/beach/residence-1020/
2024-09-24,Residence 507,"$5,215",Available 9/27/24,"1,121 Sq Ft",beachjc.com/apartments-jersey-city-for-rent/beach/residence-507/
2024-09-24,Residence 1621,"$5,350",Available Now,877 Sq Ft,beachjc.com/apartments-jersey-city-for-rent/beach/residence-1621/
2024-09-24,Residence 415,"$5,535",Available Now,"1,055 Sq Ft",beachjc.com/apartments-jersey-city-for-rent/beach/residence-415/
2024-09-24,Residence 515,"$5,540",Available 10/4/24,"1,055 Sq Ft",beachjc.com/apartments-jersey-city-for-rent/beach/residence-515/
2024-09-24,Residence 402,"$5,700",Available Now,"1,020 Sq Ft",beachjc.com/apartments-jersey-city-for-rent/beach/residence-402/
2024-09-24,Residence 226,"$6,275",Available 10/5/24,"1,166 Sq Ft",beachjc.com/apartments-jersey-city-for-rent/beach/residence-226/
2024-09-24,Residence 1625,"$6,985",Available 9/25/24,"1,409 Sq Ft",beachjc.com/apartments-jersey-city-for-rent/beach/residence-1625/
2024-09-25,Residence 219,"$3,350",Available Now,433 Sq Ft,beachjc.com/apartments-jersey-city-for-rent/beach/residence-219/
2024-09-25,Residence 412,"$3,600",Available Now,728 Sq Ft,beachjc.com/apartments-jersey-city-for-rent/beach/residence-412/
2024-09-25,Residence 1208,"$3,760",Available 10/16/24,552 Sq Ft,beachjc.com/apartments-jersey-city-for-rent/beach/residence-1208/
2024-09-25,Residence 608,"$3,820",Available 9/27/24,552 Sq Ft,beachjc.com/apartments-jersey-city-for-rent/beach/residence-608/
2024-09-25,Residence 805,"$3,825",Available 9/30/24,704 Sq Ft,beachjc.com/apartments-jersey-city-for-rent/beach/residence-805/
2024-09-25,Residence 322,"$4,060",Available 10/21/24,723 Sq Ft,beachjc.com/apartments-jersey-city-for-rent/beach/residence-322/
2024-09-25,Residence 423,"$4,090",Available Now,730 Sq Ft,beachjc.com/apartments-jersey-city-for-rent/beach/residence-423/
2024-09-25,Residence 723,"$4,105",Available 10/23/24,730 Sq Ft,beachjc.com/apartments-jersey-city-for-rent/beach/residence-723/
2024-09-25,Residence 511,"$4,155",Available Now,761 Sq Ft,beachjc.com/apartments-jersey-city-for-rent/beach/residence-511/
2024-09-25,Residence 211,"$4,166",Available Now,761 Sq Ft,beachjc.com/apartments-jersey-city-for-rent/beach/residence-211/
2024-09-25,Residence 1222,"$4,170",Available 10/23/24,723 Sq Ft,beachjc.com/apartments-jersey-city-for-rent/beach/residence-1222/
2024-09-25,Residence 206,"$5,050",Available 10/16/24,"1,096 Sq Ft",beachjc.com/apartments-jersey-city-for-rent/beach/residence-206/
2024-09-25,Residence 820,"$5,145",Available 10/1/24,930 Sq Ft,beachjc.com/apartments-jersey-city-for-rent/beach/residence-820/
2024-09-25,Residence 1020,"$5,155",Available Now,930 Sq Ft,beachjc.com/apartments-jersey-city-for-rent/beach/residence-1020/
2024-09-25,Residence 507,"$5,215",Available 9/27/24,"1,121 Sq Ft",beachjc.com/apartments-jersey-city-for-rent/beach/residence-507/
2024-09-25,Residence 1621,"$5,350",Available Now,877 Sq Ft,beachjc.com/apartments-jersey-city-for-rent/beach/residence-1621/
2024-09-25,Residence 515,"$5,540",Available 10/4/24,"1,055 Sq Ft",beachjc.com/apartments-jersey-city-for-rent/beach/residence-515/
2024-09-25,Residence 402,"$5,700",Available Now,"1,020 Sq Ft",beachjc.com/apartments-jersey-city-for-rent/beach/residence-402/
2024-09-25,Residence 226,"$6,275",Available 10/5/24,"1,166 Sq Ft",beachjc.com/apartments-jersey-city-for-rent/beach/residence-226/
2024-09-26,Residence 219,"$3,360",Available Now,433 Sq Ft,beachjc.com/apartments-jersey-city-for-rent/beach/residence-219/
2024-09-26,Residence 412,"$3,600",Available Now,728 Sq Ft,beachjc.com/apartments-jersey-city-for-rent/beach/residence-412/
2024-09-26,Residence 1208,"$3,760",Available 10/16/24,552 Sq Ft,beachjc.com/apartments-jersey-city-for-rent/beach/residence-1208/
2024-09-26,Residence 805,"$3,825",Available 9/30/24,704 Sq Ft,beachjc.com/apartments-jersey-city-for-rent/beach/residence-805/
2024-09-26,Residence 608,"$3,830",Available 9/27/24,552 Sq Ft,beachjc.com/apartments-jersey-city-for-rent/beach/residence-608/
2024-09-26,Residence 423,"$3,967",Available Now,730 Sq Ft,beachjc.com/apartments-jersey-city-for-rent/beach/residence-423/
2024-09-26,Residence 211,"$4,015",Available Now,761 Sq Ft,beachjc.com/apartments-jersey-city-for-rent/beach/residence-211/
2024-09-26,Residence 322,"$4,060",Available 10/21/24,723 Sq Ft,beachjc.com/apartments-jersey-city-for-rent/beach/residence-322/
2024-09-26,Residence 723,"$4,105",Available 10/23/24,730 Sq Ft,beachjc.com/apartments-jersey-city-for-rent/beach/residence-723/
2024-09-26,Residence 511,"$4,155",Available Now,761 Sq Ft,beachjc.com/apartments-jersey-city-for-rent/beach/residence-511/
2024-09-26,Residence 1222,"$4,170",Available 10/23/24,723 Sq Ft,beachjc.com/apartments-jersey-city-for-rent/beach/residence-1222/
2024-09-26,Residence 206,"$5,050",Available 10/16/24,"1,096 Sq Ft",beachjc.com/apartments-jersey-city-for-rent/beach/residence-206/
2024-09-26,Residence 820,"$5,145",Available 10/1/24,930 Sq Ft,beachjc.com/apartments-jersey-city-for-rent/beach/residence-820/
2024-09-26,Residence 1020,"$5,155",Available Now,930 Sq Ft,beachjc.com/apartments-jersey-city-for-rent/beach/residence-1020/
2024-09-26,Residence 507,"$5,215",Available 9/27/24,"1,121 Sq Ft",beachjc.com/apartments-jersey-city-for-rent/beach/residence-507/
2024-09-26,Residence 1621,"$5,350",Available Now,877 Sq Ft,beachjc.com/apartments-jersey-city-for-rent/beach/residence-1621/
2024-09-26,Residence 515,"$5,540",Available 10/4/24,"1,055 Sq Ft",beachjc.com/apartments-jersey-city-for-rent/beach/residence-515/
2024-09-26,Residence 402,"$5,700",Available Now,"1,020 Sq Ft",beachjc.com/apartments-jersey-city-for-rent/beach/residence-402/
2024-09-26,Residence 226,"$6,275",Available 10/5/24,"1,166 Sq Ft",beachjc.com/apartments-jersey-city-for-rent/beach/residence-226/
2024-09-27,Residence 219,"$3,360",Available Now,433 Sq Ft,beachjc.com/apartments-jersey-city-for-rent/beach/residence-219/
2024-09-27,Residence 412,"$3,600",Available Now,728 Sq Ft,beachjc.com/apartments-jersey-city-for-rent/beach/residence-412/
2024-09-27,Residence 1208,"$3,760",Available 10/16/24,552 Sq Ft,beachjc.com/apartments-jersey-city-for-rent/beach/residence-1208/
2024-09-27,Residence 805,"$3,825",Available 9/30/24,704 Sq Ft,beachjc.com/apartments-jersey-city-for-rent/beach/residence-805/
2024-09-27,Residence 608,"$3,830",Available Now,552 Sq Ft,beachjc.com/apartments-jersey-city-for-rent/beach/residence-608/
2024-09-27,Residence 211,"$4,015",Available Now,761 Sq Ft,beachjc.com/apartments-jersey-city-for-rent/beach/residence-211/
2024-09-27,Residence 322,"$4,060",Available 10/21/24,723 Sq Ft,beachjc.com/apartments-jersey-city-for-rent/beach/residence-322/
2024-09-27,Residence 723,"$4,105",Available 10/23/24,730 Sq Ft,beachjc.com/apartments-jersey-city-for-rent/beach/residence-723/
2024-09-27,Residence 511,"$4,155",Available Now,761 Sq Ft,beachjc.com/apartments-jersey-city-for-rent/beach/residence-511/
2024-09-27,Residence 1222,"$4,170",Available 10/23/24,723 Sq Ft,beachjc.com/apartments-jersey-city-for-rent/beach/residence-1222/
2024-09-27,Residence 206,"$5,050",Available 10/16/24,"1,096 Sq Ft",beachjc.com/apartments-jersey-city-for-rent/beach/residence-206/
2024-09-27,Residence 820,"$5,145",Available 10/1/24,930 Sq Ft,beachjc.com/apartments-jersey-city-for-rent/beach/residence-820/
2024-09-27,Residence 1020,"$5,155",Available Now,930 Sq Ft,beachjc.com/apartments-jersey-city-for-rent/beach/residence-1020/
2024-09-27,Residence 507,"$5,215",Available Now,"1,121 Sq Ft",beachjc.com/apartments-jersey-city-for-rent/beach/residence-507/
2024-09-27,Residence 1621,"$5,350",Available Now,877 Sq Ft,beachjc.com/apartments-jersey-city-for-rent/beach/residence-1621/
2024-09-27,Residence 515,"$5,540",Available 10/4/24,"1,055 Sq Ft",beachjc.com/apartments-jersey-city-for-rent/beach/residence-515/
2024-09-27,Residence 402,"$5,700",Available Now,"1,020 Sq Ft",beachjc.com/apartments-jersey-city-for-rent/beach/residence-402/
2024-09-28,Residence 219,"$3,370",Available Now,433 Sq Ft,beachjc.com/apartments-jersey-city-for-rent/beach/residence-219/
2024-09-28,Residence 412,"$3,600",Available Now,728 Sq Ft,beachjc.com/apartments-jersey-city-for-rent/beach/residence-412/
2024-09-28,Residence 1208,"$3,760",Available 10/16/24,552 Sq Ft,beachjc.com/apartments-jersey-city-for-rent/beach/residence-1208/
2024-09-28,Residence 805,"$3,825",Available 9/30/24,704 Sq Ft,beachjc.com/apartments-jersey-city-for-rent/beach/residence-805/
2024-09-28,Residence 608,"$3,840",Available Now,552 Sq Ft,beachjc.com/apartments-jersey-city-for-rent/beach/residence-608/
2024-09-28,Residence 211,"$4,015",Available Now,761 Sq Ft,beachjc.com/apartments-jersey-city-for-rent/beach/residence-211/
2024-09-28,Residence 322,"$4,060",Available 10/21/24,723 Sq Ft,beachjc.com/apartments-jersey-city-for-rent/beach/residence-322/
2024-09-28,Residence 723,"$4,105",Available 10/23/24,730 Sq Ft,beachjc.com/apartments-jersey-city-for-rent/beach/residence-723/
2024-09-28,Residence 1222,"$4,170",Available 10/23/24,723 Sq Ft,beachjc.com/apartments-jersey-city-for-rent/beach/residence-1222/
2024-09-28,Residence 206,"$5,050",Available 10/16/24,"1,096 Sq Ft",beachjc.com/apartments-jersey-city-for-rent/beach/residence-206/
2024-09-28,Residence 820,"$5,145",Available 10/1/24,930 Sq Ft,beachjc.com/apartments-jersey-city-for-rent/beach/residence-820/
2024-09-28,Residence 1020,"$5,155",Available Now,930 Sq Ft,beachjc.com/apartments-jersey-city-for-rent/beach/residence-1020/
2024-09-28,Residence 1621,"$5,190",Available Now,877 Sq Ft,beachjc.com/apartments-jersey-city-for-rent/beach/residence-1621/
2024-09-28,Residence 507,"$5,215",Available Now,"1,121 Sq Ft",beachjc.com/apartments-jersey-city-for-rent/beach/residence-507/
2024-09-28,Residence 221,"$5,220",Available 10/30/24,877 Sq Ft,beachjc.com/apartments-jersey-city-for-rent/beach/residence-221/
2024-09-28,Residence 515,"$5,540",Available 10/4/24,"1,055 Sq Ft",beachjc.com/apartments-jersey-city-for-rent/beach/residence-515/
2024-09-28,Residence 402,"$5,700",Available Now,"1,020 Sq Ft",beachjc.com/apartments-jersey-city-for-rent/beach/residence-402/
2024-09-28,Residence 2125,"$7,210",Available 10/6/24,"1,409 Sq Ft",beachjc.com/apartments-jersey-city-for-rent/beach/residence-2125/
2024-09-29,Residence 219,"$3,380",Available Now,433 Sq Ft,beachjc.com/apartments-jersey-city-for-rent/beach/residence-219/
2024-09-29,Residence 412,"$3,600",Available Now,728 Sq Ft,beachjc.com/apartments-jersey-city-for-rent/beach/residence-412/
2024-09-29,Residence 1208,"$3,760",Available 10/16/24,552 Sq Ft,beachjc.com/apartments-jersey-city-for-rent/beach/residence-1208/
2024-09-29,Residence 805,"$3,825",Available 9/30/24,704 Sq Ft,beachjc.com/apartments-jersey-city-for-rent/beach/residence-805/
2024-09-29,Residence 608,"$3,850",Available Now,552 Sq Ft,beachjc.com/apartments-jersey-city-for-rent/beach/residence-608/
2024-09-29,Residence 211,"$4,015",Available Now,761 Sq Ft,beachjc.com/apartments-jersey-city-for-rent/beach/residence-211/
2024-09-29,Residence 322,"$4,060",Available 10/21/24,723 Sq Ft,beachjc.com/apartments-jersey-city-for-rent/beach/residence-322/
2024-09-29,Residence 822,"$4,085",Available 11/3/24,723 Sq Ft,beachjc.com/apartments-jersey-city-for-rent/beach/residence-822/
2024-09-29,Residence 723,"$4,105",Available 10/23/24,730 Sq Ft,beachjc.com/apartments-jersey-city-for-rent/beach/residence-723/
2024-09-29,Residence 1222,"$4,170",Available 10/23/24,723 Sq Ft,beachjc.com/apartments-jersey-city-for-rent/beach/residence-1222/
2024-09-29,Residence 206,"$5,050",Available 10/16/24,"1,096 Sq Ft",beachjc.com/apartments-jersey-city-for-rent/beach/residence-206/
2024-09-29,Residence 820,"$5,145",Available 10/1/24,930 Sq Ft,beachjc.com/apartments-jersey-city-for-rent/beach/residence-820/
2024-09-29,Residence 1020,"$5,155",Available Now,930 Sq Ft,beachjc.com/apartments-jersey-city-for-rent/beach/residence-1020/
2024-09-29,Residence 1621,"$5,190",Available Now,877 Sq Ft,beachjc.com/apartments-jersey-city-for-rent/beach/residence-1621/
2024-09-29,Residence 507,"$5,215",Available Now,"1,121 Sq Ft",beachjc.com/apartments-jersey-city-for-rent/beach/residence-507/
2024-09-29,Residence 221,"$5,220",Available 10/30/24,877 Sq Ft,beachjc.com/apartments-jersey-city-for-rent/beach/residence-221/
2024-09-29,Residence 515,"$5,540",Available 10/4/24,"1,055 Sq Ft",beachjc.com/apartments-jersey-city-for-rent/beach/residence-515/
2024-09-29,Residence 402,"$5,700",Available Now,"1,020 Sq Ft",beachjc.com/apartments-jersey-city-for-rent/beach/residence-402/
2024-09-29,Residence 2125,"$7,220",Available 10/6/24,"1,409 Sq Ft",beachjc.com/apartments-jersey-city-for-rent/beach/residence-2125/
2024-09-30,Residence 219,"$3,380",Available Now,433 Sq Ft,beachjc.com/apartments-jersey-city-for-rent/beach/residence-219/
2024-09-30,Residence 412,"$3,600",Available Now,728 Sq Ft,beachjc.com/apartments-jersey-city-for-rent/beach/residence-412/
2024-09-30,Residence 1208,"$3,760",Available 10/16/24,552 Sq Ft,beachjc.com/apartments-jersey-city-for-rent/beach/residence-1208/
2024-09-30,Residence 805,"$3,825",Available Now,704 Sq Ft,beachjc.com/apartments-jersey-city-for-rent/beach/residence-805/
2024-09-30,Residence 608,"$3,850",Available Now,552 Sq Ft,beachjc.com/apartments-jersey-city-for-rent/beach/residence-608/
2024-09-30,Residence 211,"$4,015",Available Now,761 Sq Ft,beachjc.com/apartments-jersey-city-for-rent/beach/residence-211/
2024-09-30,Residence 322,"$4,060",Available 10/21/24,723 Sq Ft,beachjc.com/apartments-jersey-city-for-rent/beach/residence-322/
2024-09-30,Residence 822,"$4,085",Available 11/3/24,723 Sq Ft,beachjc.com/apartments-jersey-city-for-rent/beach/residence-822/
2024-09-30,Residence 723,"$4,105",Available 10/23/24,730 Sq Ft,beachjc.com/apartments-jersey-city-for-rent/beach/residence-723/
2024-09-30,Residence 1222,"$4,170",Available 10/23/24,723 Sq Ft,beachjc.com/apartments-jersey-city-for-rent/beach/residence-1222/
2024-09-30,Residence 206,"$5,090",Available 10/16/24,"1,096 Sq Ft",beachjc.com/apartments-jersey-city-for-rent/beach/residence-206/
2024-09-30,Residence 820,"$5,145",Available 10/1/24,930 Sq Ft,beachjc.com/apartments-jersey-city-for-rent/beach/residence-820/
2024-09-30,Residence 1020,"$5,155",Available Now,930 Sq Ft,beachjc.com/apartments-jersey-city-for-rent/beach/residence-1020/
2024-09-30,Residence 1621,"$5,190",Available Now,877 Sq Ft,beachjc.com/apartments-jersey-city-for-rent/beach/residence-1621/
2024-09-30,Residence 507,"$5,215",Available Now,"1,121 Sq Ft",beachjc.com/apartments-jersey-city-for-rent/beach/residence-507/
2024-09-30,Residence 221,"$5,220",Available 10/30/24,877 Sq Ft,beachjc.com/apartments-jersey-city-for-rent/beach/residence-221/
2024-09-30,Residence 515,"$5,540",Available 10/4/24,"1,055 Sq Ft",beachjc.com/apartments-jersey-city-for-rent/beach/residence-515/
2024-09-30,Residence 402,"$5,700",Available Now,"1,020 Sq Ft",beachjc.com/apartments-jersey-city-for-rent/beach/residence-402/
2024-09-30,Residence 2125,"$7,220",Available 10/6/24,"1,409 Sq Ft",beachjc.com/apartments-jersey-city-for-rent/beach/residence-2125/
2024-10-01,Residence 219,"$3,395",Available Now,433 Sq Ft,beachjc.com/apartments-jersey-city-for-rent/beach/residence-219/
2024-10-01,Residence 412,"$3,600",Available Now,728 Sq Ft,beachjc.com/apartments-jersey-city-for-rent/beach/residence-412/
2024-10-01,Residence 1208,"$3,760",Available 10/16/24,552 Sq Ft,beachjc.com/apartments-jersey-city-for-rent/beach/residence-1208/
2024-10-01,Residence 805,"$3,825",Available Now,704 Sq Ft,beachjc.com/apartments-jersey-city-for-rent/beach/residence-805/
2024-10-01,Residence 608,"$3,865",Available Now,552 Sq Ft,beachjc.com/apartments-jersey-city-for-rent/beach/residence-608/
2024-10-01,Residence 211,"$4,015",Available Now,761 Sq Ft,beachjc.com/apartments-jersey-city-for-rent/beach/residence-211/
2024-10-01,Residence 322,"$4,060",Available 10/21/24,723 Sq Ft,beachjc.com/apartments-jersey-city-for-rent/beach/residence-322/
2024-10-01,Residence 822,"$4,085",Available 11/3/24,723 Sq Ft,beachjc.com/apartments-jersey-city-for-rent/beach/residence-822/
2024-10-01,Residence 723,"$4,105",Available 10/23/24,730 Sq Ft,beachjc.com/apartments-jersey-city-for-rent/beach/residence-723/
2024-10-01,Residence 1222,"$4,170",Available 10/23/24,723 Sq Ft,beachjc.com/apartments-jersey-city-for-rent/beach/residence-1222/
2024-10-01,Residence 206,"$5,090",Available 10/16/24,"1,096 Sq Ft",beachjc.com/apartments-jersey-city-for-rent/beach/residence-206/
2024-10-01,Residence 820,"$5,185",Available Now,930 Sq Ft,beachjc.com/apartments-jersey-city-for-rent/beach/residence-820/
2024-10-01,Residence 1621,"$5,190",Available Now,877 Sq Ft,beachjc.com/apartments-jersey-city-for-rent/beach/residence-1621/
2024-10-01,Residence 1020,"$5,195",Available Now,930 Sq Ft,beachjc.com/apartments-jersey-city-for-rent/beach/residence-1020/
2024-10-01,Residence 221,"$5,220",Available 10/30/24,877 Sq Ft,beachjc.com/apartments-jersey-city-for-rent/beach/residence-221/
2024-10-01,Residence 507,"$5,255",Available Now,"1,121 Sq Ft",beachjc.com/apartments-jersey-city-for-rent/beach/residence-507/
2024-10-01,Residence 402,"$5,529",Available Now,"1,020 Sq Ft",beachjc.com/apartments-jersey-city-for-rent/beach/residence-402/
2024-10-01,Residence 515,"$5,580",Available 10/4/24,"1,055 Sq Ft",beachjc.com/apartments-jersey-city-for-rent/beach/residence-515/
2024-10-01,Residence 2125,"$7,190",Available 10/6/24,"1,409 Sq Ft",beachjc.com/apartments-jersey-city-for-rent/beach/residence-2125/
2024-10-02,Residence 219,"$3,380",Available Now,433 Sq Ft,beachjc.com/apartments-jersey-city-for-rent/beach/residence-219/
2024-10-02,Residence 412,"$3,600",Available Now,728 Sq Ft,beachjc.com/apartments-jersey-city-for-rent/beach/residence-412/
2024-10-02,Residence 1208,"$3,760",Available 10/16/24,552 Sq Ft,beachjc.com/apartments-jersey-city-for-rent/beach/residence-1208/
2024-10-02,Residence 805,"$3,825",Available Now,704 Sq Ft,beachjc.com/apartments-jersey-city-for-rent/beach/residence-805/
2024-10-02,Residence 608,"$3,850",Available Now,552 Sq Ft,beachjc.com/apartments-jersey-city-for-rent/beach/residence-608/
2024-10-02,Residence 211,"$4,015",Available Now,761 Sq Ft,beachjc.com/apartments-jersey-city-for-rent/beach/residence-211/
2024-10-02,Residence 322,"$4,060",Available 10/21/24,723 Sq Ft,beachjc.com/apartments-jersey-city-for-rent/beach/residence-322/
2024-10-02,Residence 822,"$4,085",Available 11/3/24,723 Sq Ft,beachjc.com/apartments-jersey-city-for-rent/beach/residence-822/
2024-10-02,Residence 723,"$4,105",Available 10/23/24,730 Sq Ft,beachjc.com/apartments-jersey-city-for-rent/beach/residence-723/
2024-10-02,Residence 1222,"$4,170",Available 10/23/24,723 Sq Ft,beachjc.com/apartments-jersey-city-for-rent/beach/residence-1222/
2024-10-02,Residence 206,"$5,050",Available 10/16/24,"1,096 Sq Ft",beachjc.com/apartments-jersey-city-for-rent/beach/residence-206/
2024-10-02,Residence 820,"$5,145",Available Now,930 Sq Ft,beachjc.com/apartments-jersey-city-for-rent/beach/residence-820/
2024-10-02,Residence 1020,"$5,155",Available Now,930 Sq Ft,beachjc.com/apartments-jersey-city-for-rent/beach/residence-1020/
2024-10-02,Residence 1621,"$5,189",Available Now,877 Sq Ft,beachjc.com/apartments-jersey-city-for-rent/beach/residence-1621/
2024-10-02,Residence 507,"$5,215",Available Now,"1,121 Sq Ft",beachjc.com/apartments-jersey-city-for-rent/beach/residence-507/
2024-10-02,Residence 221,"$5,220",Available 10/30/24,877 Sq Ft,beachjc.com/apartments-jersey-city-for-rent/beach/residence-221/
2024-10-02,Residence 402,"$5,529",Available Now,"1,020 Sq Ft",beachjc.com/apartments-jersey-city-for-rent/beach/residence-402/
2024-10-02,Residence 515,"$5,540",Available 10/4/24,"1,055 Sq Ft",beachjc.com/apartments-jersey-city-for-rent/beach/residence-515/
2024-10-02,Residence 2125,"$7,155",Available 10/6/24,"1,409 Sq Ft",beachjc.com/apartments-jersey-city-for-rent/beach/residence-2125/
2024-10-03,Residence 219,"$3,360",Available Now,433 Sq Ft,beachjc.com/apartments-jersey-city-for-rent/beach/residence-219/
2024-10-03,Residence 412,"$3,595",Available Now,728 Sq Ft,beachjc.com/apartments-jersey-city-for-rent/beach/residence-412/
2024-10-03,Residence 1208,"$3,755",Available 10/16/24,552 Sq Ft,beachjc.com/apartments-jersey-city-for-rent/beach/residence-1208/
2024-10-03,Residence 805,"$3,820",Available Now,704 Sq Ft,beachjc.com/apartments-jersey-city-for-rent/beach/residence-805/
2024-10-03,Residence 608,"$3,830",Available Now,552 Sq Ft,beachjc.com/apartments-jersey-city-for-rent/beach/residence-608/
2024-10-03,Residence 211,"$4,015",Available Now,761 Sq Ft,beachjc.com/apartments-jersey-city-for-rent/beach/residence-211/
2024-10-03,Residence 322,"$4,055",Available 10/21/24,723 Sq Ft,beachjc.com/apartments-jersey-city-for-rent/beach/residence-322/
2024-10-03,Residence 723,"$4,100",Available 10/23/24,730 Sq Ft,beachjc.com/apartments-jersey-city-for-rent/beach/residence-723/
2024-10-03,Residence 1222,"$4,165",Available 10/23/24,723 Sq Ft,beachjc.com/apartments-jersey-city-for-rent/beach/residence-1222/
2024-10-03,Residence 206,"$5,050",Available 10/16/24,"1,096 Sq Ft",beachjc.com/apartments-jersey-city-for-rent/beach/residence-206/
2024-10-03,Residence 820,"$5,145",Available Now,930 Sq Ft,beachjc.com/apartments-jersey-city-for-rent/beach/residence-820/
2024-10-03,Residence 1020,"$5,155",Available Now,930 Sq Ft,beachjc.com/apartments-jersey-city-for-rent/beach/residence-1020/
2024-10-03,Residence 1621,"$5,189",Available Now,877 Sq Ft,beachjc.com/apartments-jersey-city-for-rent/beach/residence-1621/
2024-10-03,Residence 507,"$5,215",Available Now,"1,121 Sq Ft",beachjc.com/apartments-jersey-city-for-rent/beach/residence-507/
2024-10-03,Residence 221,"$5,220",Available 10/30/24,877 Sq Ft,beachjc.com/apartments-jersey-city-for-rent/beach/residence-221/
2024-10-03,Residence 402,"$5,529",Available Now,"1,020 Sq Ft",beachjc.com/apartments-jersey-city-for-rent/beach/residence-402/
2024-10-03,Residence 515,"$5,540",Available 10/4/24,"1,055 Sq Ft",beachjc.com/apartments-jersey-city-for-rent/beach/residence-515/
2024-10-03,Residence 2125,"$7,155",Available 10/6/24,"1,409 Sq Ft",beachjc.com/apartments-jersey-city-for-rent/beach/residence-2125/
2024-10-04,Residence 412,"$3,595",Available Now,728 Sq Ft,beachjc.com/apartments-jersey-city-for-rent/beach/residence-412/
2024-10-04,Residence 1208,"$3,755",Available 10/16/24,552 Sq Ft,beachjc.com/apartments-jersey-city-for-rent/beach/residence-1208/
2024-10-04,Residence 805,"$3,820",Available Now,704 Sq Ft,beachjc.com/apartments-jersey-city-for-rent/beach/residence-805/
2024-10-04,Residence 608,"$3,840",Available Now,552 Sq Ft,beachjc.com/apartments-jersey-city-for-rent/beach/residence-608/
2024-10-04,Residence 211,"$4,015",Available Now,761 Sq Ft,beachjc.com/apartments-jersey-city-for-rent/beach/residence-211/
2024-10-04,Residence 322,"$4,055",Available 10/21/24,723 Sq Ft,beachjc.com/apartments-jersey-city-for-rent/beach/residence-322/
2024-10-04,Residence 822,"$4,080",Available 11/3/24,723 Sq Ft,beachjc.com/apartments-jersey-city-for-rent/beach/residence-822/
2024-10-04,Residence 723,"$4,100",Available 10/23/24,730 Sq Ft,beachjc.com/apartments-jersey-city-for-rent/beach/residence-723/
2024-10-04,Residence 1222,"$4,165",Available 10/23/24,723 Sq Ft,beachjc.com/apartments-jersey-city-for-rent/beach/residence-1222/
2024-10-04,Residence 206,"$5,050",Available 10/16/24,"1,096 Sq Ft",beachjc.com/apartments-jersey-city-for-rent/beach/residence-206/
2024-10-04,Residence 820,"$5,145",Available Now,930 Sq Ft,beachjc.com/apartments-jersey-city-for-rent/beach/residence-820/
2024-10-04,Residence 1020,"$5,155",Available Now,930 Sq Ft,beachjc.com/apartments-jersey-city-for-rent/beach/residence-1020/
2024-10-04,Residence 1621,"$5,189",Available Now,877 Sq Ft,beachjc.com/apartments-jersey-city-for-rent/beach/residence-1621/
2024-10-04,Residence 507,"$5,215",Available Now,"1,121 Sq Ft",beachjc.com/apartments-jersey-city-for-rent/beach/residence-507/
2024-10-04,Residence 221,"$5,220",Available 10/30/24,877 Sq Ft,beachjc.com/apartments-jersey-city-for-rent/beach/residence-221/
2024-10-04,Residence 402,"$5,529",Available Now,"1,020 Sq Ft",beachjc.com/apartments-jersey-city-for-rent/beach/residence-402/
2024-10-04,Residence 515,"$5,540",Available Now,"1,055 Sq Ft",beachjc.com/apartments-jersey-city-for-rent/beach/residence-515/
2024-10-07,Residence 1208,"$3,755",Available 10/16/24,552 Sq Ft,beachjc.com/apartments-jersey-city-for-rent/beach/residence-1208/
2024-10-07,Residence 805,"$3,820",Available Now,704 Sq Ft,beachjc.com/apartments-jersey-city-for-rent/beach/residence-805/
2024-10-07,Residence 608,"$3,830",Available Now,552 Sq Ft,beachjc.com/apartments-jersey-city-for-rent/beach/residence-608/
2024-10-07,Residence 211,"$4,015",Available Now,761 Sq Ft,beachjc.com/apartments-jersey-city-for-rent/beach/residence-211/
2024-10-07,Residence 322,"$4,055",Available 10/21/24,723 Sq Ft,beachjc.com/apartments-jersey-city-for-rent/beach/residence-322/
2024-10-07,Residence 822,"$4,095",Available 11/3/24,723 Sq Ft,beachjc.com/apartments-jersey-city-for-rent/beach/residence-822/
2024-10-07,Residence 723,"$4,100",Available 10/23/24,730 Sq Ft,beachjc.com/apartments-jersey-city-for-rent/beach/residence-723/
2024-10-07,Residence 1222,"$4,165",Available 10/23/24,723 Sq Ft,beachjc.com/apartments-jersey-city-for-rent/beach/residence-1222/
2024-10-07,Residence 1423,"$4,210",Available 11/5/24,730 Sq Ft,beachjc.com/apartments-jersey-city-for-rent/beach/residence-1423/
2024-10-07,Residence 1823,"$4,230",Available 11/4/24,730 Sq Ft,beachjc.com/apartments-jersey-city-for-rent/beach/residence-1823/
2024-10-07,Residence 206,"$5,050",Available 10/16/24,"1,096 Sq Ft",beachjc.com/apartments-jersey-city-for-rent/beach/residence-206/
2024-10-07,Residence 820,"$5,145",Available Now,930 Sq Ft,beachjc.com/apartments-jersey-city-for-rent/beach/residence-820/
2024-10-07,Residence 1020,"$5,155",Available Now,930 Sq Ft,beachjc.com/apartments-jersey-city-for-rent/beach/residence-1020/
2024-10-07,Residence 1621,"$5,189",Available Now,877 Sq Ft,beachjc.com/apartments-jersey-city-for-rent/beach/residence-1621/
2024-10-07,Residence 507,"$5,215",Available Now,"1,121 Sq Ft",beachjc.com/apartments-jersey-city-for-rent/beach/residence-507/
2024-10-07,Residence 221,"$5,220",Available 10/30/24,877 Sq Ft,beachjc.com/apartments-jersey-city-for-rent/beach/residence-221/
2024-10-07,Residence 921,"$5,255",Available 10/8/24,877 Sq Ft,beachjc.com/apartments-jersey-city-for-rent/beach/residence-921/
2024-10-07,Residence 402,"$5,529",Available Now,"1,020 Sq Ft",beachjc.com/apartments-jersey-city-for-rent/beach/residence-402/
2024-10-07,Residence 515,"$5,540",Available Now,"1,055 Sq Ft",beachjc.com/apartments-jersey-city-for-rent/beach/residence-515/
2024-10-08,Residence 608,"$3,815",Available Now,552 Sq Ft,beachjc.com/apartments-jersey-city-for-rent/beach/residence-608/
2024-10-08,Residence 1208,"$3,830",Available 10/16/24,552 Sq Ft,beachjc.com/apartments-jersey-city-for-rent/beach/residence-1208/
2024-10-08,Residence 805,"$3,895",Available Now,704 Sq Ft,beachjc.com/apartments-jersey-city-for-rent/beach/residence-805/
2024-10-08,Residence 211,"$4,015",Available Now,761 Sq Ft,beachjc.com/apartments-jersey-city-for-rent/beach/residence-211/
2024-10-08,Residence 309,"$4,045",Available 11/24/24,713 Sq Ft,beachjc.com/apartments-jersey-city-for-rent/beach/residence-309/
2024-10-08,Residence 322,"$4,130",Available 10/21/24,723 Sq Ft,beachjc.com/apartments-jersey-city-for-rent/beach/residence-322/
2024-10-08,Residence 822,"$4,170",Available 11/3/24,723 Sq Ft,beachjc.com/apartments-jersey-city-for-rent/beach/residence-822/
2024-10-08,Residence 723,"$4,175",Available 10/23/24,730 Sq Ft,beachjc.com/apartments-jersey-city-for-rent/beach/residence-723/
2024-10-08,Residence 1222,"$4,240",Available 10/23/24,723 Sq Ft,beachjc.com/apartments-jersey-city-for-rent/beach/residence-1222/
2024-10-08,Residence 1422,"$4,280",Available 11/25/24,723 Sq Ft,beachjc.com/apartments-jersey-city-for-rent/beach/residence-1422/
2024-10-08,Residence 1423,"$4,285",Available 11/5/24,730 Sq Ft,beachjc.com/apartments-jersey-city-for-rent/beach/residence-1423/
2024-10-08,Residence 1823,"$4,305",Available 11/4/24,730 Sq Ft,beachjc.com/apartments-jersey-city-for-rent/beach/residence-1823/
2024-10-08,Residence 206,"$5,050",Available 10/16/24,"1,096 Sq Ft",beachjc.com/apartments-jersey-city-for-rent/beach/residence-206/
2024-10-08,Residence 820,"$5,145",Available Now,930 Sq Ft,beachjc.com/apartments-jersey-city-for-rent/beach/residence-820/
2024-10-08,Residence 1020,"$5,155",Available Now,930 Sq Ft,beachjc.com/apartments-jersey-city-for-rent/beach/residence-1020/
2024-10-08,Residence 1621,"$5,189",Available Now,877 Sq Ft,beachjc.com/apartments-jersey-city-for-rent/beach/residence-1621/
2024-10-08,Residence 507,"$5,215",Available Now,"1,121 Sq Ft",beachjc.com/apartments-jersey-city-for-rent/beach/residence-507/
2024-10-08,Residence 221,"$5,220",Available 10/30/24,877 Sq Ft,beachjc.com/apartments-jersey-city-for-rent/beach/residence-221/
2024-10-08,Residence 402,"$5,529",Available Now,"1,020 Sq Ft",beachjc.com/apartments-jersey-city-for-rent/beach/residence-402/
2024-10-08,Residence 515,"$5,540",Available Now,"1,055 Sq Ft",beachjc.com/apartments-jersey-city-for-rent/beach/residence-515/
2024-10-09,Residence 608,"$3,800",Available Now,552 Sq Ft,beachjc.com/apartments-jersey-city-for-rent/beach/residence-608/
2024-10-09,Residence 1208,"$3,830",Available 10/16/24,552 Sq Ft,beachjc.com/apartments-jersey-city-for-rent/beach/residence-1208/
2024-10-09,Residence 805,"$3,895",Available Now,704 Sq Ft,beachjc.com/apartments-jersey-city-for-rent/beach/residence-805/
2024-10-09,Residence 211,"$3,957",Available Now,761 Sq Ft,beachjc.com/apartments-jersey-city-for-rent/beach/residence-211/
2024-10-09,Residence 309,"$4,050",Available 11/24/24,713 Sq Ft,beachjc.com/apartments-jersey-city-for-rent/beach/residence-309/
2024-10-09,Residence 322,"$4,130",Available 10/21/24,723 Sq Ft,beachjc.com/apartments-jersey-city-for-rent/beach/residence-322/
2024-10-09,Residence 822,"$4,175",Available 11/3/24,723 Sq Ft,beachjc.com/apartments-jersey-city-for-rent/beach/residence-822/
2024-10-09,Residence 723,"$4,175",Available 10/23/24,730 Sq Ft,beachjc.com/apartments-jersey-city-for-rent/beach/residence-723/
2024-10-09,Residence 1222,"$4,240",Available 10/23/24,723 Sq Ft,beachjc.com/apartments-jersey-city-for-rent/beach/residence-1222/
2024-10-09,Residence 1422,"$4,280",Available 11/25/24,723 Sq Ft,beachjc.com/apartments-jersey-city-for-rent/beach/residence-1422/
2024-10-09,Residence 1423,"$4,290",Available 11/5/24,730 Sq Ft,beachjc.com/apartments-jersey-city-for-rent/beach/residence-1423/
2024-10-09,Residence 1823,"$4,310",Available 11/4/24,730 Sq Ft,beachjc.com/apartments-jersey-city-for-rent/beach/residence-1823/
2024-10-09,Residence 206,"$5,090",Available 10/16/24,"1,096 Sq Ft",beachjc.com/apartments-jersey-city-for-rent/beach/residence-206/
2024-10-09,Residence 820,"$5,185",Available Now,930 Sq Ft,beachjc.com/apartments-jersey-city-for-rent/beach/residence-820/
2024-10-09,Residence 1621,"$5,189",Available Now,877 Sq Ft,beachjc.com/apartments-jersey-city-for-rent/beach/residence-1621/
2024-10-09,Residence 1020,"$5,195",Available Now,930 Sq Ft,beachjc.com/apartments-jersey-city-for-rent/beach/residence-1020/
2024-10-09,Residence 221,"$5,230",Available 10/30/24,877 Sq Ft,beachjc.com/apartments-jersey-city-for-rent/beach/residence-221/
2024-10-09,Residence 507,"$5,255",Available Now,"1,121 Sq Ft",beachjc.com/apartments-jersey-city-for-rent/beach/residence-507/
2024-10-09,Residence 402,"$5,529",Available Now,"1,020 Sq Ft",beachjc.com/apartments-jersey-city-for-rent/beach/residence-402/
2024-10-09,Residence 515,"$5,580",Available Now,"1,055 Sq Ft",beachjc.com/apartments-jersey-city-for-rent/beach/residence-515/
2024-10-11,Residence 608,"$3,755",Available Now,552 Sq Ft,beachjc.com/apartments-jersey-city-for-rent/beach/residence-608/
2024-10-11,Residence 1208,"$3,830",Available 10/16/24,552 Sq Ft,beachjc.com/apartments-jersey-city-for-rent/beach/residence-1208/
2024-10-11,Residence 805,"$3,895",Available Now,704 Sq Ft,beachjc.com/apartments-jersey-city-for-rent/beach/residence-805/
2024-10-11,Residence 211,"$3,957",Available Now,761 Sq Ft,beachjc.com/apartments-jersey-city-for-rent/beach/residence-211/
2024-10-11,Residence 509,"$4,055",Available 11/4/24,713 Sq Ft,beachjc.com/apartments-jersey-city-for-rent/beach/residence-509/
2024-10-11,Residence 322,"$4,130",Available 10/21/24,723 Sq Ft,beachjc.com/apartments-jersey-city-for-rent/beach/residence-322/
2024-10-11,Residence 822,"$4,170",Available 11/3/24,723 Sq Ft,beachjc.com/apartments-jersey-city-for-rent/beach/residence-822/
2024-10-11,Residence 723,"$4,175",Available 10/23/24,730 Sq Ft,beachjc.com/apartments-jersey-city-for-rent/beach/residence-723/
2024-10-11,Residence 1222,"$4,240",Available 10/23/24,723 Sq Ft,beachjc.com/apartments-jersey-city-for-rent/beach/residence-1222/
2024-10-11,Residence 1423,"$4,285",Available 11/5/24,730 Sq Ft,beachjc.com/apartments-jersey-city-for-rent/beach/residence-1423/
2024-10-11,Residence 1823,"$4,305",Available 11/4/24,730 Sq Ft,beachjc.com/apartments-jersey-city-for-rent/beach/residence-1823/
2024-10-11,Residence 206,"$5,090",Available 10/16/24,"1,096 Sq Ft",beachjc.com/apartments-jersey-city-for-rent/beach/residence-206/
2024-10-11,Residence 820,"$5,185",Available Now,930 Sq Ft,beachjc.com/apartments-jersey-city-for-rent/beach/residence-820/
2024-10-11,Residence 1020,"$5,195",Available Now,930 Sq Ft,beachjc.com/apartments-jersey-city-for-rent/beach/residence-1020/
2024-10-11,Residence 1621,"$5,228",Available Now,877 Sq Ft,beachjc.com/apartments-jersey-city-for-rent/beach/residence-1621/
2024-10-11,Residence 221,"$5,240",Available 10/30/24,877 Sq Ft,beachjc.com/apartments-jersey-city-for-rent/beach/residence-221/
2024-10-11,Residence 507,"$5,255",Available Now,"1,121 Sq Ft",beachjc.com/apartments-jersey-city-for-rent/beach/residence-507/
2024-10-11,Residence 402,"$5,567",Available Now,"1,020 Sq Ft",beachjc.com/apartments-jersey-city-for-rent/beach/residence-402/
2024-10-11,Residence 515,"$5,580",Available Now,"1,055 Sq Ft",beachjc.com/apartments-jersey-city-for-rent/beach/residence-515/
2024-10-11,Residence 625,"$7,245",Available 11/15/24,"1,409 Sq Ft",beachjc.com/apartments-jersey-city-for-rent/beach/residence-625/
2024-10-11,Residence 2125,"$7,265",Available Now,"1,409 Sq Ft",beachjc.com/apartments-jersey-city-for-rent/beach/residence-2125/
2024-10-13,Residence 608,"$3,725",Available Now,552 Sq Ft,beachjc.com/apartments-jersey-city-for-rent/beach/residence-608/
2024-10-13,Residence 1208,"$3,825",Available 10/16/24,552 Sq Ft,beachjc.com/apartments-jersey-city-for-rent/beach/residence-1208/
2024-10-13,Residence 805,"$3,890",Available Now,704 Sq Ft,beachjc.com/apartments-jersey-city-for-rent/beach/residence-805/
2024-10-13,Residence 309,"$4,045",Available 11/24/24,713 Sq Ft,beachjc.com/apartments-jersey-city-for-rent/beach/residence-309/
2024-10-13,Residence 509,"$4,055",Available 11/4/24,713 Sq Ft,beachjc.com/apartments-jersey-city-for-rent/beach/residence-509/
2024-10-13,Residence 322,"$4,125",Available 10/21/24,723 Sq Ft,beachjc.com/apartments-jersey-city-for-rent/beach/residence-322/
2024-10-13,Residence 822,"$4,170",Available 11/3/24,723 Sq Ft,beachjc.com/apartments-jersey-city-for-rent/beach/residence-822/
2024-10-13,Residence 1222,"$4,235",Available 10/23/24,723 Sq Ft,beachjc.com/apartments-jersey-city-for-rent/beach/residence-1222/
2024-10-13,Residence 1422,"$4,275",Available 11/25/24,723 Sq Ft,beachjc.com/apartments-jersey-city-for-rent/beach/residence-1422/
2024-10-13,Residence 1423,"$4,285",Available 11/5/24,730 Sq Ft,beachjc.com/apartments-jersey-city-for-rent/beach/residence-1423/
2024-10-13,Residence 1823,"$4,305",Available 11/4/24,730 Sq Ft,beachjc.com/apartments-jersey-city-for-rent/beach/residence-1823/
2024-10-13,Residence 206,"$5,090",Available 10/16/24,"1,096 Sq Ft",beachjc.com/apartments-jersey-city-for-rent/beach/residence-206/
2024-10-13,Residence 820,"$5,185",Available Now,930 Sq Ft,beachjc.com/apartments-jersey-city-for-rent/beach/residence-820/
2024-10-13,Residence 1020,"$5,195",Available Now,930 Sq Ft,beachjc.com/apartments-jersey-city-for-rent/beach/residence-1020/
2024-10-13,Residence 1621,"$5,228",Available Now,877 Sq Ft,beachjc.com/apartments-jersey-city-for-rent/beach/residence-1621/
2024-10-13,Residence 221,"$5,245",Available 10/30/24,877 Sq Ft,beachjc.com/apartments-jersey-city-for-rent/beach/residence-221/
2024-10-13,Residence 507,"$5,255",Available Now,"1,121 Sq Ft",beachjc.com/apartments-jersey-city-for-rent/beach/residence-507/
2024-10-13,Residence 402,"$5,567",Available Now,"1,020 Sq Ft",beachjc.com/apartments-jersey-city-for-rent/beach/residence-402/
2024-10-13,Residence 515,"$5,580",Available Now,"1,055 Sq Ft",beachjc.com/apartments-jersey-city-for-rent/beach/residence-515/
2024-10-13,Residence 2125,"$7,300",Available Now,"1,409 Sq Ft",beachjc.com/apartments-jersey-city-for-rent/beach/residence-2125/
2024-10-15,Residence 412,"$3,555",Available Now,728 Sq Ft,beachjc.com/apartments-jersey-city-for-rent/beach/residence-412/
2024-10-15,Residence 608,"$3,650",Available Now,552 Sq Ft,beachjc.com/apartments-jersey-city-for-rent/beach/residence-608/
2024-10-15,Residence 1208,"$3,900",Available 10/16/24,552 Sq Ft,beachjc.com/apartments-jersey-city-for-rent/beach/residence-1208/
2024-10-15,Residence 805,"$3,965",Available Now,704 Sq Ft,beachjc.com/apartments-jersey-city-for-rent/beach/residence-805/
2024-10-15,Residence 309,"$4,130",Available 11/24/24,713 Sq Ft,beachjc.com/apartments-jersey-city-for-rent/beach/residence-309/
2024-10-15,Residence 509,"$4,140",Available 11/4/24,713 Sq Ft,beachjc.com/apartments-jersey-city-for-rent/beach/residence-509/
2024-10-15,Residence 322,"$4,200",Available 10/21/24,723 Sq Ft,beachjc.com/apartments-jersey-city-for-rent/beach/residence-322/
2024-10-15,Residence 822,"$4,255",Available 11/3/24,723 Sq Ft,beachjc.com/apartments-jersey-city-for-rent/beach/residence-822/
2024-10-15,Residence 1222,"$4,310",Available 10/23/24,723 Sq Ft,beachjc.com/apartments-jersey-city-for-rent/beach/residence-1222/
2024-10-15,Residence 1422,"$4,360",Available 11/25/24,723 Sq Ft,beachjc.com/apartments-jersey-city-for-rent/beach/residence-1422/
2024-10-15,Residence 1423,"$4,370",Available 11/5/24,730 Sq Ft,beachjc.com/apartments-jersey-city-for-rent/beach/residence-1423/
2024-10-15,Residence 1823,"$4,390",Available 11/4/24,730 Sq Ft,beachjc.com/apartments-jersey-city-for-rent/beach/residence-1823/
2024-10-15,Residence 206,"$5,090",Available 10/16/24,"1,096 Sq Ft",beachjc.com/apartments-jersey-city-for-rent/beach/residence-206/
2024-10-15,Residence 820,"$5,185",Available Now,930 Sq Ft,beachjc.com/apartments-jersey-city-for-rent/beach/residence-820/
2024-10-15,Residence 1020,"$5,195",Available Now,930 Sq Ft,beachjc.com/apartments-jersey-city-for-rent/beach/residence-1020/
2024-10-15,Residence 1621,"$5,228",Available Now,877 Sq Ft,beachjc.com/apartments-jersey-city-for-rent/beach/residence-1621/
2024-10-15,Residence 507,"$5,255",Available Now,"1,121 Sq Ft",beachjc.com/apartments-jersey-city-for-rent/beach/residence-507/
2024-10-15,Residence 221,"$5,260",Available 10/30/24,877 Sq Ft,beachjc.com/apartments-jersey-city-for-rent/beach/residence-221/
2024-10-15,Residence 402,"$5,567",Available Now,"1,020 Sq Ft",beachjc.com/apartments-jersey-city-for-rent/beach/residence-402/
2024-10-15,Residence 515,"$5,580",Available Now,"1,055 Sq Ft",beachjc.com/apartments-jersey-city-for-rent/beach/residence-515/
2024-10-16,Residence 412,"$3,555",Available Now,728 Sq Ft,beachjc.com/apartments-jersey-city-for-rent/beach/residence-412/
2024-10-16,Residence 608,"$3,650",Available Now,552 Sq Ft,beachjc.com/apartments-jersey-city-for-rent/beach/residence-608/
2024-10-16,Residence 1208,"$3,900",Available Now,552 Sq Ft,beachjc.com/apartments-jersey-city-for-rent/beach/residence-1208/
2024-10-16,Residence 805,"$3,965",Available Now,704 Sq Ft,beachjc.com/apartments-jersey-city-for-rent/beach/residence-805/
2024-10-16,Residence 309,"$4,130",Available 11/24/24,713 Sq Ft,beachjc.com/apartments-jersey-city-for-rent/beach/residence-309/
2024-10-16,Residence 509,"$4,140",Available 11/4/24,713 Sq Ft,beachjc.com/apartments-jersey-city-for-rent/beach/residence-509/
2024-10-16,Residence 322,"$4,200",Available 10/21/24,723 Sq Ft,beachjc.com/apartments-jersey-city-for-rent/beach/residence-322/
2024-10-16,Residence 822,"$4,255",Available 11/3/24,723 Sq Ft,beachjc.com/apartments-jersey-city-for-rent/beach/residence-822/
2024-10-16,Residence 1222,"$4,310",Available 10/23/24,723 Sq Ft,beachjc.com/apartments-jersey-city-for-rent/beach/residence-1222/
2024-10-16,Residence 1422,"$4,360",Available 11/25/24,723 Sq Ft,beachjc.com/apartments-jersey-city-for-rent/beach/residence-1422/
2024-10-16,Residence 1423,"$4,370",Available 11/5/24,730 Sq Ft,beachjc.com/apartments-jersey-city-for-rent/beach/residence-1423/
2024-10-16,Residence 1823,"$4,390",Available 11/4/24,730 Sq Ft,beachjc.com/apartments-jersey-city-for-rent/beach/residence-1823/
2024-10-16,Residence 206,"$5,090",Available Now,"1,096 Sq Ft",beachjc.com/apartments-jersey-city-for-rent/beach/residence-206/
2024-10-16,Residence 820,"$5,185",Available Now,930 Sq Ft,beachjc.com/apartments-jersey-city-for-rent/beach/residence-820/
2024-10-16,Residence 1020,"$5,195",Available Now,930 Sq Ft,beachjc.com/apartments-jersey-city-for-rent/beach/residence-1020/
2024-10-16,Residence 1621,"$5,228",Available Now,877 Sq Ft,beachjc.com/apartments-jersey-city-for-rent/beach/residence-1621/
2024-10-16,Residence 507,"$5,255",Available Now,"1,121 Sq Ft",beachjc.com/apartments-jersey-city-for-rent/beach/residence-507/
2024-10-16,Residence 221,"$5,260",Available 10/30/24,877 Sq Ft,beachjc.com/apartments-jersey-city-for-rent/beach/residence-221/
2024-10-16,Residence 402,"$5,567",Available Now,"1,020 Sq Ft",beachjc.com/apartments-jersey-city-for-rent/beach/residence-402/
2024-10-16,Residence 515,"$5,580",Available Now,"1,055 Sq Ft",beachjc.com/apartments-jersey-city-for-rent/beach/residence-515/
2024-10-17,Residence 608,"$3,630",Available Now,552 Sq Ft,beachjc.com/apartments-jersey-city-for-rent/beach/residence-608/
2024-10-17,Residence 1208,"$3,905",Available Now,552 Sq Ft,beachjc.com/apartments-jersey-city-for-rent/beach/residence-1208/
2024-10-17,Residence 805,"$3,970",Available Now,704 Sq Ft,beachjc.com/apartments-jersey-city-for-rent/beach/residence-805/
2024-10-17,Residence 309,"$4,145",Available 11/24/24,713 Sq Ft,beachjc.com/apartments-jersey-city-for-rent/beach/residence-309/
2024-10-17,Residence 509,"$4,155",Available 11/4/24,713 Sq Ft,beachjc.com/apartments-jersey-city-for-rent/beach/residence-509/
2024-10-17,Residence 322,"$4,205",Available 10/21/24,723 Sq Ft,beachjc.com/apartments-jersey-city-for-rent/beach/residence-322/
2024-10-17,Residence 822,"$4,270",Available 11/3/24,723 Sq Ft,beachjc.com/apartments-jersey-city-for-rent/beach/residence-822/
2024-10-17,Residence 1222,"$4,315",Available 10/23/24,723 Sq Ft,beachjc.com/apartments-jersey-city-for-rent/beach/residence-1222/
2024-10-17,Residence 1422,"$4,385",Available 11/25/24,723 Sq Ft,beachjc.com/apartments-jersey-city-for-rent/beach/residence-1422/
2024-10-17,Residence 1423,"$4,385",Available 11/5/24,730 Sq Ft,beachjc.com/apartments-jersey-city-for-rent/beach/residence-1423/
2024-10-17,Residence 1823,"$4,405",Available 11/4/24,730 Sq Ft,beachjc.com/apartments-jersey-city-for-rent/beach/residence-1823/
2024-10-17,Residence 1621,"$5,057",Available Now,877 Sq Ft,beachjc.com/apartments-jersey-city-for-rent/beach/residence-1621/
2024-10-17,Residence 206,"$5,095",Available Now,"1,096 Sq Ft",beachjc.com/apartments-jersey-city-for-rent/beach/residence-206/
2024-10-17,Residence 820,"$5,190",Available Now,930 Sq Ft,beachjc.com/apartments-jersey-city-for-rent/beach/residence-820/
2024-10-17,Residence 1020,"$5,200",Available Now,930 Sq Ft,beachjc.com/apartments-jersey-city-for-rent/beach/residence-1020/
2024-10-17,Residence 507,"$5,260",Available Now,"1,121 Sq Ft",beachjc.com/apartments-jersey-city-for-rent/beach/residence-507/
2024-10-17,Residence 221,"$5,270",Available 10/30/24,877 Sq Ft,beachjc.com/apartments-jersey-city-for-rent/beach/residence-221/
2024-10-17,Residence 402,"$5,386",Available Now,"1,020 Sq Ft",beachjc.com/apartments-jersey-city-for-rent/beach/residence-402/
2024-10-17,Residence 515,"$5,585",Available Now,"1,055 Sq Ft",beachjc.com/apartments-jersey-city-for-rent/beach/residence-515/
2024-10-17,Residence 425,"$7,280",Available 11/6/24,"1,409 Sq Ft",beachjc.com/apartments-jersey-city-for-rent/beach/residence-425/
2024-10-22,Residence 608,"$3,605",Available Now,552 Sq Ft,beachjc.com/apartments-jersey-city-for-rent/beach/residence-608/
2024-10-22,Residence 1208,"$3,915",Available Now,552 Sq Ft,beachjc.com/apartments-jersey-city-for-rent/beach/residence-1208/
2024-10-22,Residence 309,"$4,150",Available 11/24/24,713 Sq Ft,beachjc.com/apartments-jersey-city-for-rent/beach/residence-309/
2024-10-22,Residence 509,"$4,160",Available 11/4/24,713 Sq Ft,beachjc.com/apartments-jersey-city-for-rent/beach/residence-509/
2024-10-22,Residence 1427,"$4,250",Available 10/23/24,727 Sq Ft,beachjc.com/apartments-jersey-city-for-rent/beach/residence-1427/
2024-10-22,Residence 822,"$4,275",Available 11/3/24,723 Sq Ft,beachjc.com/apartments-jersey-city-for-rent/beach/residence-822/
2024-10-22,Residence 1422,"$4,390",Available 11/25/24,723 Sq Ft,beachjc.com/apartments-jersey-city-for-rent/beach/residence-1422/
2024-10-22,Residence 1423,"$4,390",Available 11/5/24,730 Sq Ft,beachjc.com/apartments-jersey-city-for-rent/beach/residence-1423/
2024-10-22,Residence 1823,"$4,410",Available 11/4/24,730 Sq Ft,beachjc.com/apartments-jersey-city-for-rent/beach/residence-1823/
2024-10-22,Residence 1621,"$5,057",Available Now,877 Sq Ft,beachjc.com/apartments-jersey-city-for-rent/beach/residence-1621/
2024-10-22,Residence 206,"$5,070",Available Now,"1,096 Sq Ft",beachjc.com/apartments-jersey-city-for-rent/beach/residence-206/
2024-10-22,Residence 820,"$5,165",Available Now,930 Sq Ft,beachjc.com/apartments-jersey-city-for-rent/beach/residence-820/
2024-10-22,Residence 1020,"$5,175",Available Now,930 Sq Ft,beachjc.com/apartments-jersey-city-for-rent/beach/residence-1020/
2024-10-22,Residence 507,"$5,235",Available Now,"1,121 Sq Ft",beachjc.com/apartments-jersey-city-for-rent/beach/residence-507/
2024-10-22,Residence 221,"$5,260",Available 10/30/24,877 Sq Ft,beachjc.com/apartments-jersey-city-for-rent/beach/residence-221/
2024-10-22,Residence 515,"$5,560",Available Now,"1,055 Sq Ft",beachjc.com/apartments-jersey-city-for-rent/beach/residence-515/
2024-10-22,Residence 425,"$7,330",Available 11/6/24,"1,409 Sq Ft",beachjc.com/apartments-jersey-city-for-rent/beach/residence-425/
2024-10-23,Residence 608,"$3,595",Available Now,552 Sq Ft,beachjc.com/apartments-jersey-city-for-rent/beach/residence-608/
2024-10-23,Residence 1208,"$3,945",Available Now,552 Sq Ft,beachjc.com/apartments-jersey-city-for-rent/beach/residence-1208/
2024-10-23,Residence 309,"$4,185",Available 11/24/24,713 Sq Ft,beachjc.com/apartments-jersey-city-for-rent/beach/residence-309/
2024-10-23,Residence 509,"$4,195",Available 11/4/24,713 Sq Ft,beachjc.com/apartments-jersey-city-for-rent/beach/residence-509/
2024-10-23,Residence 1427,"$4,280",Available Now,727 Sq Ft,beachjc.com/apartments-jersey-city-for-rent/beach/residence-1427/
2024-10-23,Residence 822,"$4,310",Available 11/3/24,723 Sq Ft,beachjc.com/apartments-jersey-city-for-rent/beach/residence-822/
2024-10-23,Residence 1423,"$4,425",Available 11/5/24,730 Sq Ft,beachjc.com/apartments-jersey-city-for-rent/beach/residence-1423/
2024-10-23,Residence 1823,"$4,445",Available 11/4/24,730 Sq Ft,beachjc.com/apartments-jersey-city-for-rent/beach/residence-1823/
2024-10-23,Residence 1422,"$4,450",Available 11/25/24,723 Sq Ft,beachjc.com/apartments-jersey-city-for-rent/beach/residence-1422/
2024-10-23,Residence 206,"$5,055",Available Now,"1,096 Sq Ft",beachjc.com/apartments-jersey-city-for-rent/beach/residence-206/
2024-10-24,Residence 608,"$3,595",Available Now,552 Sq Ft,beachjc.com/apartments-jersey-city-for-rent/beach/residence-608/
2024-10-24,Residence 1208,"$3,945",Available Now,552 Sq Ft,beachjc.com/apartments-jersey-city-for-rent/beach/residence-1208/
2024-10-24,Residence 309,"$4,185",Available 11/24/24,713 Sq Ft,beachjc.com/apartments-jersey-city-for-rent/beach/residence-309/
2024-10-24,Residence 509,"$4,195",Available 11/4/24,713 Sq Ft,beachjc.com/apartments-jersey-city-for-rent/beach/residence-509/
2024-10-24,Residence 1427,"$4,280",Available Now,727 Sq Ft,beachjc.com/apartments-jersey-city-for-rent/beach/residence-1427/
2024-10-24,Residence 822,"$4,310",Available 11/3/24,723 Sq Ft,beachjc.com/apartments-jersey-city-for-rent/beach/residence-822/
2024-10-24,Residence 1423,"$4,425",Available 11/5/24,730 Sq Ft,beachjc.com/apartments-jersey-city-for-rent/beach/residence-1423/
2024-10-24,Residence 1823,"$4,445",Available 11/4/24,730 Sq Ft,beachjc.com/apartments-jersey-city-for-rent/beach/residence-1823/
2024-10-24,Residence 1422,"$4,450",Available 11/25/24,723 Sq Ft,beachjc.com/apartments-jersey-city-for-rent/beach/residence-1422/
2024-10-24,Residence 1621,"$5,033",Available Now,877 Sq Ft,beachjc.com/apartments-jersey-city-for-rent/beach/residence-1621/
2024-10-24,Residence 206,"$5,045",Available Now,"1,096 Sq Ft",beachjc.com/apartments-jersey-city-for-rent/beach/residence-206/
2024-10-24,Residence 820,"$5,140",Available Now,930 Sq Ft,beachjc.com/apartments-jersey-city-for-rent/beach/residence-820/
2024-10-24,Residence 1020,"$5,150",Available Now,930 Sq Ft,beachjc.com/apartments-jersey-city-for-rent/beach/residence-1020/
2024-10-24,Residence 507,"$5,210",Available Now,"1,121 Sq Ft",beachjc.com/apartments-jersey-city-for-rent/beach/residence-507/
2024-10-24,Residence 221,"$5,235",Available 10/30/24,877 Sq Ft,beachjc.com/apartments-jersey-city-for-rent/beach/residence-221/
2024-10-24,Residence 515,"$5,535",Available Now,"1,055 Sq Ft",beachjc.com/apartments-jersey-city-for-rent/beach/residence-515/
2024-10-24,Residence 425,"$7,310",Available 11/6/24,"1,409 Sq Ft",beachjc.com/apartments-jersey-city-for-rent/beach/residence-425/
2024-10-28,Residence 608,"$3,610",Available Now,552 Sq Ft,beachjc.com/apartments-jersey-city-for-rent/beach/residence-608/
2024-10-28,Residence 1208,"$3,955",Available Now,552 Sq Ft,beachjc.com/apartments-jersey-city-for-rent/beach/residence-1208/
2024-10-28,Residence 309,"$4,190",Available 11/24/24,713 Sq Ft,beachjc.com/apartments-jersey-city-for-rent/beach/residence-309/
2024-10-28,Residence 509,"$4,200",Available 11/4/24,713 Sq Ft,beachjc.com/apartments-jersey-city-for-rent/beach/residence-509/
2024-10-28,Residence 822,"$4,280",Available 11/3/24,723 Sq Ft,beachjc.com/apartments-jersey-city-for-rent/beach/residence-822/
2024-10-28,Residence 1423,"$4,430",Available 11/5/24,730 Sq Ft,beachjc.com/apartments-jersey-city-for-rent/beach/residence-1423/
2024-10-28,Residence 1422,"$4,450",Available 11/25/24,723 Sq Ft,beachjc.com/apartments-jersey-city-for-rent/beach/residence-1422/
2024-10-28,Residence 1823,"$4,450",Available 11/4/24,730 Sq Ft,beachjc.com/apartments-jersey-city-for-rent/beach/residence-1823/
2024-10-28,Residence 206,"$5,025",Available Now,"1,096 Sq Ft",beachjc.com/apartments-jersey-city-for-rent/beach/residence-206/
2024-10-28,Residence 1621,"$5,033",Available Now,877 Sq Ft,beachjc.com/apartments-jersey-city-for-rent/beach/residence-1621/
2024-10-28,Residence 820,"$5,120",Available Now,930 Sq Ft,beachjc.com/apartments-jersey-city-for-rent/beach/residence-820/
2024-10-28,Residence 1020,"$5,130",Available Now,930 Sq Ft,beachjc.com/apartments-jersey-city-for-rent/beach/residence-1020/
2024-10-28,Residence 507,"$5,190",Available Now,"1,121 Sq Ft",beachjc.com/apartments-jersey-city-for-rent/beach/residence-507/
2024-10-28,Residence 221,"$5,195",Available 10/30/24,877 Sq Ft,beachjc.com/apartments-jersey-city-for-rent/beach/residence-221/
2024-10-28,Residence 515,"$5,515",Available Now,"1,055 Sq Ft",beachjc.com/apartments-jersey-city-for-rent/beach/residence-515/
2024-10-28,Residence 425,"$7,305",Available 11/6/24,"1,409 Sq Ft",beachjc.com/apartments-jersey-city-for-rent/beach/residence-425/
